TPSA,LogP,CSP3,MW,HBA,Num_Rot_Bond,Num_Aromatic_Rings,HBD,Num_Rings,SMILES,Molecule_Name,activity
80.92,3.5664000000000033,0.3333333333333333,302.37,4,5,2,4,2,CC(Cc1ccc(O)c(O)c1)C(C)Cc1ccc(O)c(O)c1,Mol_1,0
110.02000000000001,3.5465000000000013,0.09523809523809523,365.3850000000001,5,5,3,5,3,O=C(Nc1ccc(CCc2ccc(O)c(O)c2)cc1)c1ccc(O)cc1O,Mol_2,0
54.370000000000005,5.063500000000004,0.6666666666666666,294.43499999999995,2,14,0,1,0,CCCCCC(=O)/C=C/C=C\CCCCCCCC(=O)O,Mol_3,0
63.60000000000001,4.961200000000004,0.6363636363636364,356.46200000000016,3,1,1,1,4,CC1(C)CCC[C@]2(C)[C@H]3C(=O)c4c(cccc4C(=O)O)O[C@@]3(C)CC[C@@H]12,Mol_4,0
38.69,6.243100000000003,0.07692307692307693,531.8200000000002,3,3,2,1,2,COc1cc(Br)cc(Br)c1Oc1cc(Br)cc(Br)c1O,Mol_5,0
39.44,4.864500000000005,0.3157894736842105,298.38200000000006,3,6,2,0,2,CC(C)=CCC/C(C)=C/COc1cccc2ccc(=O)oc12,Mol_6,0
49.69,7.465100000000002,0,675.585,3,2,2,2,2,Oc1c(Br)cc(Br)cc1Oc1c(O)c(Br)c(Br)c(Br)c1Br,Mol_7,0
57.78,3.1079000000000008,0,274.082,2,2,2,2,2,O=C(Nc1ccc(F)cc1Cl)c1n[nH]cc1Cl,Mol_8,1
57.78,3.1079000000000008,0,274.082,2,2,2,2,2,O=C(Nc1ccc(F)cc1Cl)c1n[nH]cc1Cl,Mol_9,1
100.13,5.089000000000003,0.2916666666666667,410.46600000000024,6,5,3,3,3,COc1c(O)cc2oc3cc(O)c(CC=C(C)C)c(O)c3c(=O)c2c1CC=C(C)C,Mol_10,0
80.92,3.5664000000000033,0.3333333333333333,302.37,4,5,2,4,2,CC(Cc1ccc(O)c(O)c1)C(C)Cc1ccc(O)c(O)c1,Mol_11,0
77.32000000000001,5.130220000000005,0.3333333333333333,496.6110000000002,6,7,4,0,5,CCOC(=O)C1CCN(C(=O)CCc2cc(-c3ccc(C)cc3)n(-c3ccc4ccccc4n3)n2)CC1,Mol_12,0
75.95,6.171800000000003,0,453.3000000000001,3,5,4,2,4,Nc1[nH]c(C(=O)c2ccccc2)c(-c2ccc(Cl)cc2Cl)c1C(=O)c1cccc(F)c1,Mol_13,0
75.95,4.365700000000002,0,359.2120000000001,3,4,3,2,3,Nc1[nH]c(C(=O)c2ccccc2)cc1C(=O)c1ccc(Cl)c(Cl)c1,Mol_14,0
32.34,0.9279,0.2222222222222222,162.192,2,1,1,1,2,O=C1CCN(c2ccccc2)N1,Mol_15,0
59.160000000000004,2.810500000000001,0.16666666666666666,251.66899999999998,3,3,2,1,2,CCOC(=O)c1[nH]c2cc(Cl)ccc2c1C=O,Mol_16,0
80.92,4.691200000000005,0.45454545454545453,358.47800000000007,4,7,2,4,2,CCc1cc(O)c(O)cc1C[C@@H](C)[C@@H](C)Cc1cc(O)c(O)cc1CC,Mol_17,1
65.22,5.995500000000004,0.07407407407407407,450.5190000000002,6,5,5,0,5,O=C(OCC#CCSc1nnc(-c2cccc3ccccc23)o1)c1ccc2ccccc2c1,Mol_18,1
65.22,5.995500000000004,0.07407407407407407,450.5190000000002,6,5,5,0,5,O=C(OCC#CCSc1nnc(-c2cccc3ccccc23)o1)c1ccc2ccccc2c1,Mol_19,1
54.370000000000005,5.395700000000005,0.5,318.4570000000001,2,14,0,1,0,CCCCCC(=O)/C=C/C=C\C/C=C\C/C=C\CCCC(=O)O,Mol_20,0
78.92,3.324880000000001,0.0625,277.283,4,2,3,1,3,CC(=O)Nc1oc(-c2cccc3ccccc23)nc1C#N,Mol_21,0
61.85,4.186780000000002,0.17647058823529413,277.327,4,3,3,1,3,CC(C)Nc1oc(-c2cccc3ccccc23)nc1C#N,Mol_22,0
50.44,2.7961000000000014,0.3076923076923077,218.25199999999998,3,0,2,1,2,CC(C)(C)c1oc2ccccc2c(=O)c1O,Mol_23,0
50.44,2.4511000000000007,0.25,204.22499999999997,3,2,2,1,2,CCCc1oc2ccccc2c(=O)c1O,Mol_24,0
50.44,2.0610000000000004,0.18181818181818182,190.19799999999995,3,1,2,1,2,CCc1oc2ccccc2c(=O)c1O,Mol_25,0
50.44,2.6971000000000007,0.3076923076923077,218.25199999999998,3,2,2,1,2,CC(C)Cc1cc(=O)c2ccc(O)cc2o1,Mol_26,0
50.44,2.6220000000000008,0.25,204.22499999999997,3,1,2,1,2,CC(C)c1cc(=O)c2ccc(O)cc2o1,Mol_27,0
55.120000000000005,5.523200000000004,0.42105263157894735,364.9420000000001,3,8,2,2,2,CCCCNC(=O)c1c(N)sc(-c2ccc(Cl)cc2)c1CCCC,Mol_28,0
55.120000000000005,2.16862,0.5,212.31799999999996,3,4,1,2,1,CCCCNC(=O)c1cc(C)sc1N,Mol_29,0
58.14,3.4579000000000013,0.0625,266.3,3,3,3,2,3,COc1ccc(-c2cc(-c3ccccc3O)[nH]n2)cc1,Mol_30,0
50.44,2.6220000000000008,0.25,204.22499999999997,3,1,2,1,2,CC(C)c1cc(=O)c2cc(O)ccc2o1,Mol_31,0
57.78,3.7613000000000003,0,308.52700000000004,2,2,2,2,2,O=C(Nc1ccc(F)cc1Cl)c1n[nH]c(Cl)c1Cl,Mol_32,1
85.7,2.0728,0.23076923076923078,336.3980000000001,8,4,2,1,3,COc1ccc(-c2nnc(/N=C3\NC(=O)CS3)s2)cc1OC,Mol_33,0
89.79,4.4943000000000035,0.09523809523809523,383.83100000000013,4,5,3,4,3,O=C(Nc1ccc(CCc2ccc(O)c(O)c2)cc1)c1cccc(Cl)c1O,Mol_34,0
127.09,3.5391000000000026,0.09090909090909091,393.39500000000004,5,6,3,5,3,O=C(O)c1cccc(C(=O)Nc2ccc(CCc3ccc(O)c(O)c3)cc2)c1O,Mol_35,0
75.95,6.032700000000004,0,435.3100000000002,3,5,4,2,4,Nc1[nH]c(C(=O)c2ccccc2)c(-c2ccc(Cl)cc2)c1C(=O)c1cccc(Cl)c1,Mol_36,0
75.95,6.094200000000003,0,441.3390000000001,4,5,4,2,4,Nc1[nH]c(C(=O)c2ccccc2)c(-c2ccc(Cl)cc2Cl)c1C(=O)c1cccs1,Mol_37,0
75.95,6.686100000000003,0,469.7550000000001,3,5,4,2,4,Nc1[nH]c(C(=O)c2ccccc2)c(-c2ccc(Cl)c(Cl)c2)c1C(=O)c1cccc(Cl)c1,Mol_38,0
75.95,6.686100000000003,0,469.7550000000001,3,5,4,2,4,Nc1[nH]c(C(=O)c2ccccc2)c(-c2ccc(Cl)cc2Cl)c1C(=O)c1ccc(Cl)cc1,Mol_39,0
33.370000000000005,7.1000000000000085,0.68,372.59300000000013,2,11,1,1,2,CC1=CCCC(C)(C)C1CC/C(C)=C/CCC(CO)CCCc1ccoc1,Mol_40,0
77.41000000000001,3.9017000000000017,0.05555555555555555,418.83700000000016,6,3,3,2,4,O=C(Nc1ccc(F)cc1Cl)c1ccn(C(=S)Nc2ccc3c(c2)OCO3)n1,Mol_41,1
81.00000000000001,4.173620000000005,0.17391304347826086,377.44000000000005,4,5,3,3,3,Cc1ccc(C(=O)N(C)c2ccc(CCc3ccc(O)c(O)c3)cc2)c(O)c1,Mol_42,0
40.46,7.619900000000008,0.5384615384615384,382.5880000000002,2,8,1,2,2,CC1=C(CC/C(C)=C/CC/C(C)=C/Cc2cc(O)ccc2O)C(C)(C)CCC1,Mol_43,1
115.06,3.971600000000004,0.36363636363636365,386.4440000000001,6,7,2,4,2,CC(=O)c1cc(O)c(O)cc1C[C@@H](C)[C@@H](C)Cc1cc(O)c(O)cc1C(C)=O,Mol_44,1
90.15,8.295600000000011,0.6571428571428571,620.9620000000001,7,9,2,4,2,CC(C)(Sc1cc(C(C)(C)C)c(O)c(C(C)(C)C)c1)Sc1ccc(C(C)(C)C)c(OC[C@@H](O)[C@H](O)CO)c1C(C)(C)C,Mol_45,0
163.9,9.052040000000003,0.30434782608695654,756.8960000000001,10,5,6,8,8,COc1cc(C)cc2c(-c3c(O)cc(O)c4c3C[C@@H](C)N[C@@H]4C)cc(-c3ccc4c(-c5c(O)cc(O)c6c5C[C@@H](C)N[C@@H]6C)c(C)cc(OC)c4c3O)c(O)c12,Mol_46,0
48.91,4.8652000000000015,0,349.61500000000007,2,2,3,2,3,Oc1ccc(Br)cc1-c1cc(-c2ccccc2Cl)[nH]n1,Mol_47,0
76.02000000000001,3.6758000000000015,0.3125,352.7970000000001,4,6,2,2,2,CCCCCNC(=O)n1ccc(C(=O)Nc2ccc(F)cc2Cl)n1,Mol_48,1
42.09,1.1914,0.2857142857142857,139.15399999999997,2,2,1,1,1,CCOC(=O)c1ccc[nH]1,Mol_49,0
65.22,4.481600000000003,0.10526315789473684,402.8340000000001,6,5,3,0,3,O=C(OCC#CCSc1nnc(-c2ccc(Cl)cc2)o1)c1ccc(F)cc1,Mol_50,1
89.79,4.603400000000004,0.09523809523809523,428.2820000000001,4,5,3,4,3,O=C(Nc1ccc(CCc2ccc(O)c(O)c2)cc1)c1cc(Br)ccc1O,Mol_51,0
55.120000000000005,2.8127000000000004,0.5833333333333334,240.37199999999993,3,6,1,2,1,CCCCNC(=O)c1cc(CCC)sc1N,Mol_52,0
55.120000000000005,2.913100000000001,0.07142857142857142,258.346,3,4,2,2,2,C=CCNC(=O)c1cc(-c2ccccc2)sc1N,Mol_53,0
100.55,4.5625000000000036,0.09523809523809523,459.52400000000017,7,7,4,3,4,COc1cccc(CNc2ccc(S(=O)(=O)Nc3nc4ccc(F)cc4s3)cc2)c1O,Mol_54,0
100.55,4.7318200000000035,0.13636363636363635,455.5610000000002,7,7,4,3,4,COc1cccc(CNc2ccc(S(=O)(=O)Nc3nc4c(C)cccc4s3)cc2)c1O,Mol_55,1
102.32000000000001,3.6091000000000015,0.3684210526315789,424.86000000000007,6,9,2,2,2,CCOC(=O)CCCCCNC(=O)n1ccc(C(=O)Nc2ccc(F)cc2Cl)n1,Mol_56,1
149.2,3.8662000000000014,0,430.3680000000001,6,5,4,4,4,O=C(O)c1cc(C(=O)C(=O)c2cc(C(=O)O)c(O)c3ccccc23)c2ccccc2c1O,Mol_57,0
63.99,3.1023000000000014,0.08333333333333333,298.12899999999996,4,2,2,1,2,CC(=O)n1ccc(C(=O)Nc2ccc(Cl)c(Cl)c2)n1,Mol_58,1
81.06,4.183700000000002,0.058823529411764705,447.7970000000001,5,4,3,1,3,O=C(Nc1ccc(F)cc1Cl)c1ccn(S(=O)(=O)c2cccc(C(F)(F)F)c2)n1,Mol_59,0
55.120000000000005,3.4510000000000014,0.3125,288.416,3,6,2,2,2,CCCCNC(=O)c1cc(Cc2ccccc2)sc1N,Mol_60,0
55.120000000000005,4.7500000000000036,0.19047619047619047,350.4870000000001,3,7,3,2,3,Nc1sc(-c2ccccc2)cc1C(=O)NCCCCc1ccccc1,Mol_61,0
58.879999999999995,4.941820000000003,0.09523809523809523,346.455,3,4,4,2,4,Cc1[nH]c2ccccc2c1C(=O)c1cc(Cc2ccccc2)sc1N,Mol_62,0
91.32000000000001,5.068200000000003,0.05,445.9530000000002,6,6,4,3,4,O=S(=O)(Nc1nc2ccccc2s1)c1ccc(NCc2cccc(Cl)c2O)cc1,Mol_63,0
102.32000000000001,3.6091000000000015,0.3684210526315789,424.86000000000007,6,9,2,2,2,CCOC(=O)CCCCCNC(=O)n1ccc(C(=O)Nc2ccc(F)cc2Cl)n1,Mol_64,1
77.64,2.7362800000000007,0.07692307692307693,238.25,4,2,3,2,3,CNc1oc(-c2c[nH]c3ccccc23)nc1C#N,Mol_65,0
74.74000000000001,2.8031800000000002,0.07142857142857142,250.261,5,2,3,1,3,CNc1oc(-c2cccc3ncccc23)nc1C#N,Mol_66,0
58.2,4.683600000000004,0.3684210526315789,344.48000000000013,3,8,2,2,2,CCCCNC(=O)c1cc(-c2ccccc2)sc1NC(=O)CCC,Mol_67,0
55.120000000000005,5.087600000000004,0.42105263157894735,330.49700000000007,3,9,2,2,2,CCCCCCCCNC(=O)c1cc(-c2ccccc2)sc1N,Mol_68,0
55.120000000000005,3.917300000000002,0.3125,288.41600000000005,3,6,2,2,2,CCCCCNC(=O)c1cc(-c2ccccc2)sc1N,Mol_69,0
48.71,3.8151800000000025,0.058823529411764705,259.31199999999995,3,2,3,1,3,CNc1nc(-c2cccc3ccccc23)ccc1C#N,Mol_70,0
92.78000000000002,4.8339000000000025,0.15,468.72400000000016,5,7,3,2,3,CCOC(=O)c1[nH]c2cc(Cl)ccc2c1/C=N/NC(=O)COc1ccc(Cl)cc1Cl,Mol_71,1
51.46,5.278160000000005,0.3181818181818182,383.5130000000001,5,5,3,1,3,CCOC(=O)c1c(CSc2c(C)cc(C)cc2C)n(C)c2ccc(O)cc12,Mol_72,0
61.85,3.4081800000000015,0.06666666666666667,249.27300000000002,4,2,3,1,3,CNc1nc(C#N)c(-c2cccc3ccccc23)o1,Mol_73,0
61.85,3.5617800000000006,0.09090909090909091,268.10299999999995,4,2,2,1,2,CNc1oc(-c2cccc(Cl)c2Cl)nc1C#N,Mol_74,0
61.85,5.110080000000003,0,311.344,4,3,4,1,4,N#Cc1nc(-c2cccc3ccccc23)oc1Nc1ccccc1,Mol_75,0
51.22,3.7916000000000016,0.125,298.3670000000001,5,3,3,1,3,CNc1sc(-c2cccc3ccccc23)nc1C(=O)OC,Mol_76,0
74.74000000000001,2.8031800000000002,0.07142857142857142,250.261,5,2,3,1,3,CNc1oc(-c2ccc3cnccc3c2)nc1C#N,Mol_77,1
87.63,2.19818,0.07692307692307693,251.249,6,2,3,1,3,CNc1oc(-c2cccc3nccnc23)nc1C#N,Mol_78,0
61.85,3.5617800000000015,0.09090909090909091,268.10299999999995,4,2,2,1,2,CNc1oc(-c2ccc(Cl)c(Cl)c2)nc1C#N,Mol_79,1
71.08,3.177180000000001,0.17647058823529413,291.3100000000001,5,3,3,1,4,N#Cc1nc(-c2cccc3ccccc23)oc1NC1COC1,Mol_80,0
48.71,3.876680000000002,0.06666666666666667,265.341,4,2,3,1,3,CNc1sc(-c2cccc3ccccc23)nc1C#N,Mol_81,1
67.24000000000001,3.5006200000000014,0.07692307692307693,381.28000000000003,6,2,2,1,3,Cc1nnc(/N=C2\NC(=O)/C(=C/c3ccc(Br)cc3)S2)s1,Mol_82,0
67.24000000000001,3.2943200000000017,0.06666666666666667,328.422,6,3,2,1,3,Cc1nnc(/N=C2\NC(=O)/C(=C/C=C/c3ccccc3)S2)s1,Mol_83,0
83.55000000000001,3.638300000000002,0.35294117647058826,349.81800000000004,4,7,2,2,2,CCCCC(=O)N/N=C/c1c(C(=O)OCC)[nH]c2cc(Cl)ccc12,Mol_84,0
83.55000000000001,4.028400000000003,0.42105263157894735,375.8560000000002,4,6,2,2,3,CCOC(=O)c1[nH]c2cc(Cl)ccc2c1/C=N/NC(=O)CC1CCCC1,Mol_85,0
89.79,4.994100000000005,0.08,399.44600000000014,4,5,4,4,4,O=C(Nc1ccc(CCc2ccc(O)c(O)c2)cc1)c1c(O)ccc2ccccc12,Mol_86,1
80.92,5.091400000000005,0.3333333333333333,460.1620000000001,4,5,2,4,2,C[C@H](Cc1cc(O)c(O)cc1Br)[C@@H](C)Cc1cc(O)c(O)cc1Br,Mol_87,1
90.21000000000001,4.735800000000004,0.4,535.954,7,7,3,0,4,CCOC(=O)C1CCN(C(=O)CCc2cc(-c3ccc(C(F)(F)F)cc3)n(-c3ccc(Cl)nn3)n2)CC1,Mol_88,0
54.370000000000005,5.395700000000005,0.5,318.4570000000001,2,14,0,1,0,CCCCC/C=C\CC(=O)/C=C/C=C\C/C=C\CCCC(=O)O,Mol_89,0
71.34,5.077100000000003,0.15789473684210525,356.8090000000001,3,5,3,2,3,CCCC(=O)Nc1ccc(Cl)c(NC(=O)c2cc3ccccc3o2)c1,Mol_90,0
75.95,7.185900000000004,0,485.37000000000023,3,5,5,2,5,Nc1[nH]c(C(=O)c2ccccc2)c(-c2ccc3ccccc3c2)c1C(=O)c1ccc(Cl)c(Cl)c1,Mol_91,0
68.11,0.7736000000000001,0.2857142857142857,154.16899999999998,3,2,1,2,1,CCOC(=O)c1ccc(N)[nH]1,Mol_92,0
61.96,5.996300000000005,0.5454545454545454,390.95500000000027,2,10,2,2,2,CCCNC(=O)c1[nH]c2cc(Cl)ccc2c1C(=O)C[C@H](C)CCCC(C)C,Mol_93,0
65.22,5.995500000000004,0.07407407407407407,450.5190000000002,6,5,5,0,5,O=C(OCC#CCSc1nnc(-c2cccc3ccccc23)o1)c1ccc2ccccc2c1,Mol_94,0
163.9,9.052040000000003,0.30434782608695654,756.8960000000001,10,5,6,8,8,COc1cc(C)cc2c(-c3c(O)cc(O)c4c3C[C@@H](C)N[C@@H]4C)cc(-c3ccc4c(-c5c(O)cc(O)c6c5C[C@@H](C)N[C@@H]6C)c(C)cc(OC)c4c3O)c(O)c12,Mol_95,0
78.37,3.8426000000000013,0.11764705882352941,296.326,4,4,3,3,3,CCc1cc(-c2[nH]ncc2Oc2ccccc2)c(O)cc1O,Mol_96,0
39.44,4.864500000000004,0.3157894736842105,298.382,3,6,2,0,2,CC(C)=CCC/C(C)=C/COc1cc(=O)oc2ccccc12,Mol_97,0
81,2.3373999999999997,0.06666666666666667,267.288,3,3,3,2,3,COc1ccc(-c2nc3c(C(N)=O)cccc3[nH]2)cc1,Mol_98,0
54.260000000000005,6.970420000000008,0.32432432432432434,571.7690000000002,5,7,5,0,6,Cc1ccc(-c2cc(CCC(=O)N3CCN(Cc4ccc(C(C)(C)C)cc4)CC3)nn2-c2ccc3ccccc3n2)cc1,Mol_99,0
61.85,3.5617800000000006,0.09090909090909091,268.10299999999995,4,2,2,1,2,CNc1oc(-c2cccc(Cl)c2Cl)nc1C#N,Mol_100,1
55.120000000000005,4.710100000000003,0.5882352941176471,308.491,3,8,1,2,1,CCCCNC(=O)c1cc(C(C)CCC=C(C)C)sc1N,Mol_101,0
61.85,2.3940800000000007,0.09090909090909091,217.20299999999997,4,2,2,1,2,CNc1oc(-c2ccc(F)cc2)nc1C#N,Mol_102,0
37.81,3.3385000000000016,0.06666666666666667,235.29,3,2,3,1,3,CNc1nccc(-c2cccc3ccccc23)n1,Mol_103,0
38.69,5.577700000000002,0,436.8810000000001,3,0,2,1,3,Oc1cc(Br)cc2c1Oc1cc(Br)cc(Br)c1O2,Mol_104,1
182.29999999999998,7.937200000000006,0.11764705882352941,938.218,10,0,4,6,8,O=C1N/C=C/c2ccc(c(Br)c2)Oc2cc(cc(Br)c2O)CCNC(=O)/C(=N/O)Cc2ccc(c(Br)c2)Oc2cc(cc(Br)c2O)C/C1=N\O,Mol_105,0
9.23,2.847800000000001,0.25,201.063,1,2,1,0,1,CCOc1ccc(Br)cc1,Mol_106,0
29.46,7.759500000000003,0,659.586,2,2,2,1,2,Oc1c(Br)c(Br)c(Br)c(Br)c1Oc1ccc(Br)cc1Br,Mol_107,0
62.300000000000004,5.940100000000005,0.7058823529411765,546.1750000000001,4,8,1,1,1,C[C@H](c1nccs1)N(C)C(=O)[C@H](C[C@H](C)C(Cl)(Cl)Cl)NC(=O)C[C@H](C)C(Cl)(Cl)Cl,Mol_108,0
90.15,8.295600000000011,0.6571428571428571,620.9620000000001,7,9,2,4,2,CC(C)(Sc1cc(C(C)(C)C)c(O)c(C(C)(C)C)c1)Sc1ccc(C(C)(C)C)c(OC[C@H](O)[C@@H](O)CO)c1C(C)(C)C,Mol_109,0
20.23,2.1547,0,173.00900000000001,1,0,1,1,1,Oc1cccc(Br)c1,Mol_110,0
80.92,3.5664000000000033,0.3333333333333333,302.37,4,5,2,4,2,CC(Cc1ccc(O)c(O)c1)[C@H](C)Cc1ccc(O)c(O)c1,Mol_111,1
49.69,7.465100000000002,0,675.585,3,2,2,2,2,Oc1c(Br)cc(Br)cc1Oc1c(O)c(Br)c(Br)c(Br)c1Br,Mol_112,1
193.29999999999998,8.299600000000007,0.11764705882352941,1019.1299999999999,10,13,4,7,4,O=C(N/C=C/c1ccc(O)c(Br)c1)/C(Cc1cc(Br)c(O)c(Oc2c(Br)cc(C/C(=N\O)C(=O)NCCc3ccc(O)c(Br)c3)cc2Br)c1)=N/O,Mol_113,0
54.71,4.1781,0,288.521,3,1,3,1,3,Clc1ccc2nc(-c3n[nH]c(Cl)c3Cl)oc2c1,Mol_114,1
41.57,4.591200000000004,0.3157894736842105,344.8420000000001,3,5,2,1,3,CCOc1ccc(C(=O)Nc2ccccc2N2CCCC2)cc1Cl,Mol_115,0
127.09,5.206100000000005,0.07142857142857142,469.4930000000002,5,7,4,5,4,O=C(O)c1ccccc1-c1cccc(C(=O)Nc2ccc(CCc3ccc(O)c(O)c3)cc2)c1O,Mol_116,0
74.45,5.740900000000003,0.125,484.45500000000015,7,6,4,0,4,O=C(OCC#CCSc1nnc(-c2cccc3ccccc23)o1)c1ccc(OC(F)(F)F)cc1,Mol_117,1
46.53,4.852800000000005,0.6666666666666666,328.45200000000017,3,0,0,1,4,CC1(C)CCC[C@]2(C)[C@H]3C=C4C=C(O)C(=O)C=C4O[C@@]3(C)CC[C@@H]12,Mol_118,1
46.53,5.419300000000005,0.6666666666666666,362.89700000000016,3,0,0,1,4,CC1(C)CCC[C@]2(C)[C@H]3C=C4C(=CC(=O)C(O)=C4Cl)O[C@@]3(C)CC[C@@H]12,Mol_119,1
105.36,3.525700000000002,0.17647058823529413,357.3910000000001,6,5,3,2,3,CCC(=O)NC(c1cccs1)c1cc([N+](=O)[O-])c2cccnc2c1O,Mol_120,0
48.91,4.756100000000002,0,305.16400000000004,2,2,3,2,3,Oc1ccc(Cl)cc1-c1cc(-c2ccccc2Cl)[nH]n1,Mol_121,0
75.21000000000001,3.3303200000000013,0.1111111111111111,308.33700000000005,4,4,3,2,3,COc1ccc(C(=O)c2c[nH]nc2-c2cc(C)ccc2O)cc1,Mol_122,0
149.2,3.8662000000000014,0,430.3680000000001,6,5,4,4,4,O=C(O)c1cc(C(=O)C(=O)c2cc(C(=O)O)c(O)c3ccccc23)c2ccccc2c1O,Mol_123,0
98.34,5.460400000000004,0.03571428571428571,474.47600000000017,6,5,5,0,6,O=C1c2ccccc2C(=O)N1c1nc2cc([N+](=O)[O-])ccc2n1Cc1ccc(-c2ccccc2)cc1,Mol_124,0
60.69,7.942800000000007,0.6774193548387096,468.7220000000003,3,9,1,3,3,CC1=CC[C@H]2C(C)(C)CCC[C@]2(C)[C@H]1C[C@@H](O)[C@H](C)CCC/C(C)=C/Cc1cc(O)ccc1O,Mol_125,1
40.46,5.711200000000003,0.2,464.979,2,2,2,2,2,CC(C)(c1ccc(O)c(Br)c1)c1cc(Br)c(O)c(Br)c1,Mol_126,0
100.55,5.5766000000000036,0.08,491.5940000000002,7,7,5,3,5,COc1cccc(CNc2ccc(S(=O)(=O)Nc3nc4c(ccc5ccccc54)s3)cc2)c1O,Mol_127,0
93.06000000000002,9.423900000000003,0.6,632.9290000000001,6,10,2,2,2,CC(C)(Sc1cc(C(C)(C)C)c(OCC(=O)O)c(C(C)(C)C)c1)Sc1ccc(C(C)(C)C)c(OCC(=O)O)c1C(C)(C)C,Mol_128,0
75.95,7.339500000000003,0,504.20000000000016,3,5,4,2,4,Nc1[nH]c(C(=O)c2ccc(Cl)cc2)c(-c2ccc(Cl)cc2Cl)c1C(=O)c1cccc(Cl)c1,Mol_129,0
83.22,3.909200000000003,0.18181818181818182,411.8890000000002,3,7,3,3,3,CCNC(=O)c1[nH]c2cc(Cl)ccc2c1/C=C/C(=O)NCc1ccccc1OC,Mol_130,0
71.19,5.023500000000004,0.18181818181818182,431.3190000000002,3,7,3,2,3,CCOC(=O)c1[nH]c2cc(Cl)ccc2c1/C=C/C(=O)NCCc1ccccc1Cl,Mol_131,0
44.89,2.1809,0.1,208.648,1,1,2,2,2,CNC(=O)c1cc2ccc(Cl)cc2[nH]1,Mol_132,0
63.99,3.1023000000000014,0.08333333333333333,298.12899999999996,4,2,2,1,2,CC(=O)n1ccc(C(=O)Nc2ccc(Cl)c(Cl)c2)n1,Mol_133,1
94.48,3.7368000000000015,0.05555555555555555,402.7690000000001,6,3,3,2,4,O=C(Nc1ccc(F)cc1Cl)c1ccn(C(=O)Nc2ccc3c(c2)OCO3)n1,Mol_134,1
94.48,3.7368000000000015,0.05555555555555555,402.7690000000001,6,3,3,2,4,O=C(Nc1ccc(F)cc1Cl)c1ccn(C(=O)Nc2ccc3c(c2)OCO3)n1,Mol_135,1
101.82000000000001,3.6678000000000015,0.05,350.374,5,5,3,5,3,O=C(Nc1ccc(O)c(O)c1)c1ccc(NCc2ccccc2O)cc1,Mol_136,0
118.89000000000001,3.6270000000000016,0.09090909090909091,392.41100000000006,5,6,3,5,3,O=C(CCc1ccc(NC(=O)c2ccccc2O)cc1)Nc1ccc(O)c(O)c1,Mol_137,0
67.15,5.696300000000005,0.3548387096774194,561.105,6,7,4,0,5,CC(C)(C)c1ccc(CN2CCN(C(=O)CCc3cc(-c4ccc(F)cc4)n(-c4ccc(Cl)nn4)n3)CC2)cc1,Mol_138,0
43.370000000000005,4.290200000000004,0.6190476190476191,326.43600000000015,3,0,0,0,4,CC1(C)CCC[C@]2(C)C3=CC4=CC(=O)C(=O)C=C4O[C@@]3(C)CC[C@@H]12,Mol_139,0
49.69,5.177600000000003,0,438.89700000000005,3,2,2,2,2,Oc1ccc(Br)cc1Oc1c(O)ccc(Br)c1Br,Mol_140,0
138.72000000000003,3.4684000000000017,0.15,443.84700000000015,7,8,3,3,3,CCOC(=O)c1[nH]c2cc(Cl)ccc2c1/C=N/NC(=O)CNc1cccc([N+](=O)[O-])c1,Mol_141,0
40.46,4.316600000000004,0.25,276.76300000000003,2,5,2,2,2,Oc1ccc(CCCCc2ccc(Cl)cc2)cc1O,Mol_142,0
40.46,3.9716200000000033,0.29411764705882354,256.345,2,5,2,2,2,Cc1ccc(CCCCc2ccc(O)c(O)c2)cc1,Mol_143,0
64.99000000000001,3.903400000000003,0.7916666666666666,402.5310000000002,5,1,0,1,5,CO[C@H]1C[C@]2(O)C(=O)C=C3O[C@@]4(C)CC[C@H]5C(C)(C)CCC[C@]5(C)[C@H]4C=C3[C@@H]2O1,Mol_144,0
40.46,7.619900000000008,0.5384615384615384,382.5880000000002,2,8,1,2,2,CC1=C(CC/C(C)=C/CC/C(C)=C/Cc2cc(O)ccc2O)C(C)(C)CCC1,Mol_145,0
67.24000000000001,3.690620000000002,0.25,344.465,6,4,2,1,3,CCCc1ccc(/C=C2\S/C(=N/c3nnc(C)s3)NC2=O)cc1,Mol_146,0
76.47,2.0641999999999996,0.16666666666666666,306.372,7,3,2,1,3,COc1ccc(-c2nnc(/N=C3\NC(=O)CS3)s2)cc1,Mol_147,0
46.53,3.7718000000000025,0.75,316.44100000000014,3,0,0,1,4,CC1(C)CCC[C@]2(C)[C@H]3C=C4C(=CC(=O)[C@@H]4O)O[C@@]3(C)CC[C@@H]12,Mol_148,0
20.23,1.9413999999999998,0.14285714285714285,187.036,1,1,1,1,1,OCc1ccc(Br)cc1,Mol_149,0
20.23,2.9172000000000002,0,251.905,1,0,1,1,1,Oc1ccc(Br)cc1Br,Mol_150,0
64.43,4.582020000000004,0.37037037037037035,445.56300000000016,5,7,3,0,4,CCOC(=O)C1CCN(C(=O)CCc2cc(-c3ccc(C)cc3)n(-c3ccccc3)n2)CC1,Mol_151,0
69.92,3.8694000000000046,0.3684210526315789,316.397,4,6,2,3,2,COc1cc(C[C@@H](C)[C@@H](C)Cc2ccc(O)c(O)c2)ccc1O,Mol_152,1
17.82,4.727000000000003,0.16666666666666666,294.423,3,5,3,0,3,CCc1ccc(CSc2nccn2-c2ccccc2)cc1,Mol_153,0
44.89,2.9595000000000002,0.25,236.702,1,2,2,2,2,CC(C)NC(=O)c1cc2ccc(Cl)cc2[nH]1,Mol_154,0
58.92,2.8251000000000017,0.25,272.29999999999995,4,2,2,2,3,COc1ccc(C2COc3c(ccc(O)c3O)C2)cc1,Mol_155,0
92.78000000000002,4.180500000000003,0.15,434.2790000000001,5,7,3,2,3,CCOC(=O)c1[nH]c2cc(Cl)ccc2c1/C=N/NC(=O)COc1ccccc1Cl,Mol_156,1
58.92,4.172400000000005,0.4,330.42400000000004,4,7,2,2,2,COc1ccc(C[C@@H](C)[C@@H](C)Cc2ccc(OC)c(O)c2)cc1O,Mol_157,1
167.20000000000002,3.382800000000003,0.3333333333333333,392.3640000000001,8,7,2,4,2,C[C@H](Cc1cc(O)c(O)cc1[N+](=O)[O-])[C@@H](C)Cc1cc(O)c(O)cc1[N+](=O)[O-],Mol_158,1
88.84,4.774300000000003,0,401.8530000000002,4,5,4,2,4,Nc1[nH]c(C(=O)c2ccccc2)c(-c2cccnc2)c1C(=O)c1cccc(Cl)c1,Mol_159,0
89.79,4.149320000000004,0.13636363636363635,363.41300000000007,4,5,3,4,3,Cc1ccc(C(=O)Nc2ccc(CCc3ccc(O)c(O)c3)cc2)c(O)c1,Mol_160,1
107.11000000000001,4.268600000000003,0.37037037037037035,569.7320000000002,7,11,4,2,5,CCN([C@@H]1CCN(C(C)c2ccc(F)cc2)C1)S(=O)(=O)NCCc1c(-c2cccs2)n[nH]c1-c1cnccn1,Mol_161,1
113.69,3.9549000000000025,0.09523809523809523,425.4660000000002,7,7,4,3,4,COc1cccc(CNc2ccc(S(=O)(=O)Nc3nc4ccccc4o3)cc2)c1O,Mol_162,0
118.89000000000001,3.707600000000001,0,390.3950000000001,5,5,3,5,3,O=C(/C=C/c1ccc(NC(=O)c2ccccc2O)cc1)Nc1ccc(O)c(O)c1,Mol_163,0
50.95,2.9315000000000007,0.07692307692307693,225.251,4,2,3,1,3,CNc1nnc(-c2cccc3ccccc23)o1,Mol_164,0
53.06,3.4324800000000018,0.125,263.29999999999995,4,2,3,0,3,CN(C)c1oc(-c2cccc3ccccc23)nc1C#N,Mol_165,0
80.31,2.0261799999999996,0.23076923076923078,257.2489999999999,6,2,2,1,3,CNc1oc(-c2ccc3c(c2)OCCO3)nc1C#N,Mol_166,0
77.64,2.73628,0.07692307692307693,238.25,4,2,3,2,3,CNc1oc(-c2ccc3cc[nH]c3c2)nc1C#N,Mol_167,0
58.92,4.662500000000005,0.42857142857142855,342.43500000000006,4,5,2,2,3,C[C@H](Cc1ccc(O)c(O)c1)[C@@H](C)Cc1ccc2c(c1)OC(C)(C)O2,Mol_168,1
75.99000000000001,2.465300000000001,0.1875,286.283,5,2,2,2,3,COc1ccc(C2COc3cc(O)c(O)cc3C2=O)cc1,Mol_169,0
50.44,2.697100000000001,0.3076923076923077,218.25199999999998,3,2,2,1,2,CC(C)Cc1oc2ccccc2c(=O)c1O,Mol_170,0
109.52,5.586900000000004,0.375,473.59500000000025,5,12,3,3,3,CCCCCCCCOC(=O)NS(=O)(=O)Nc1cc(-c2cc3ccccc3[nH]2)ccc1OC,Mol_171,1
102.01000000000002,3.708000000000002,0.22727272727272727,443.8870000000002,6,8,3,2,3,CCOC(=O)c1[nH]c2cc(Cl)ccc2c1/C=N/NC(=O)Cc1ccc(OC)c(OC)c1,Mol_172,1
50.44,2.4511000000000003,0.25,204.22499999999997,3,2,2,1,2,CCCc1cc(=O)c2ccc(O)cc2o1,Mol_173,0
50.44,2.4511000000000003,0.25,204.22499999999997,3,2,2,1,2,CCCc1cc(=O)c2cc(O)ccc2o1,Mol_174,0
70.67,2.871200000000001,0,254.24099999999996,4,1,3,2,3,O=c1c(-c2ccccc2)coc2c(O)c(O)ccc12,Mol_175,0
57.53,7.158200000000007,0.5925925925925926,410.5980000000001,2,6,1,2,3,CC(C)=CCC[C@@]1(C)CCC[C@]2(C)[C@H](Cc3cc(C(=O)O)ccc3O)C(C)=CC[C@@H]12,Mol_176,0
87.66,3.813700000000002,0.1,384.4570000000001,5,7,3,3,3,COc1cccc(CNc2ccc(S(=O)(=O)Nc3ccccc3)cc2)c1O,Mol_177,0
80.92,4.873200000000005,0.3333333333333333,371.26,4,5,2,4,2,C[C@H](Cc1cc(O)c(O)cc1Cl)[C@@H](C)Cc1cc(O)c(O)cc1Cl,Mol_178,1
89.79,4.6211000000000055,0.17391304347826086,377.44000000000005,4,7,3,4,3,O=C(Nc1ccc(CCCCc2ccc(O)c(O)c2)cc1)c1ccccc1O,Mol_179,1
75.95,6.795200000000003,0,514.2060000000001,3,5,4,2,4,Nc1[nH]c(C(=O)c2ccccc2)c(-c2ccc(Cl)cc2Cl)c1C(=O)c1cccc(Br)c1,Mol_180,0
71.19,4.9810000000000025,0.14285714285714285,417.29200000000014,3,6,3,2,3,CCOC(=O)c1[nH]c2cc(Cl)ccc2c1/C=C/C(=O)NCc1ccccc1Cl,Mol_181,1
40.46,2.764800000000001,0,186.21,2,1,2,2,2,Oc1ccc(-c2ccccc2)c(O)c1,Mol_182,0
54.370000000000005,2.902400000000001,0.058823529411764705,264.28,3,2,2,1,3,O=C1C=C(Cc2ccc3ccccc3c2)C(=O)C=C1O,Mol_183,0
40.46,3.5660000000000016,0.25,240.30199999999996,2,1,2,2,3,Oc1cc2c(cc1O)C(c1ccccc1)CCC2,Mol_184,0
40.46,3.663200000000003,0.25,242.31800000000004,2,5,2,2,2,Oc1ccc(CCCCc2ccccc2)cc1O,Mol_185,0
75.95,7.185900000000003,0,485.37000000000023,3,5,5,2,5,Nc1[nH]c(C(=O)c2ccccc2)c(-c2cccc3ccccc23)c1C(=O)c1ccc(Cl)c(Cl)c1,Mol_186,0
75.95,5.379300000000002,0,400.8650000000001,3,5,4,2,4,Nc1[nH]c(C(=O)c2ccccc2)c(-c2ccccc2)c1C(=O)c1cccc(Cl)c1,Mol_187,0
29.46,6.9970000000000026,0,580.69,2,2,2,1,2,Oc1c(Oc2ccc(Br)cc2Br)cc(Br)c(Br)c1Br,Mol_188,0
64.36,3.323100000000002,0.125,282.29900000000004,5,3,3,1,3,CNc1oc(-c2cccc3ccccc23)nc1C(=O)OC,Mol_189,0
48.71,3.876680000000002,0.06666666666666667,265.341,4,2,3,1,3,CNc1sc(-c2cccc3ccccc23)nc1C#N,Mol_190,0
61.85,4.578480000000003,0.2222222222222222,291.35400000000004,4,5,3,1,3,CCCCNc1oc(-c2cccc3ccccc23)nc1C#N,Mol_191,1
17.82,4.927100000000004,0.0625,345.265,3,4,3,0,3,Brc1ccc(CSc2nccn2-c2ccccc2)cc1,Mol_192,0
55.120000000000005,6.648000000000006,0.5217391304347826,386.6050000000001,3,13,2,2,2,CCCCCCCCCCCCNC(=O)c1cc(-c2ccccc2)sc1N,Mol_193,0
55.120000000000005,3.8356200000000014,0.3125,288.416,3,5,2,2,2,CCCCNC(=O)c1c(N)sc(-c2ccccc2)c1C,Mol_194,0
46.33,5.039700000000004,0.42105263157894735,330.497,3,8,2,1,2,CCCCN(CCCC)C(=O)c1cc(-c2ccccc2)sc1N,Mol_195,0
135.92000000000002,3.4353000000000016,0.15,444.8310000000002,7,8,3,2,3,CCOC(=O)c1[nH]c2cc(Cl)ccc2c1/C=N/NC(=O)COc1ccc([N+](=O)[O-])cc1,Mol_196,0
101.37,5.612620000000004,0.2857142857142857,520.0330000000004,6,7,4,2,4,CCOC(=O)c1[nH]c2cc(Cl)ccc2c1/C=N/NC(=O)c1cc(C(C)(C)C)nn1Cc1cccc(C)c1,Mol_197,0
61.96,5.996300000000005,0.5454545454545454,390.95500000000027,2,10,2,2,2,CCCNC(=O)c1[nH]c2cc(Cl)ccc2c1C(=O)C[C@@H](C)CCCC(C)C,Mol_198,0
75.95,6.341120000000004,0.04,449.3370000000001,3,5,4,2,4,Cc1cccc(C(=O)c2c(N)[nH]c(C(=O)c3ccccc3)c2-c2ccc(Cl)cc2Cl)c1,Mol_199,0
88.84,4.774300000000003,0,401.8530000000002,4,5,4,2,4,Nc1[nH]c(C(=O)c2ccccc2)c(-c2ccncc2)c1C(=O)c1cccc(Cl)c1,Mol_200,0
92.78000000000002,4.180500000000003,0.15,434.2790000000001,5,7,3,2,3,CCOC(=O)c1[nH]c2cc(Cl)ccc2c1/C=N/NC(=O)COc1ccc(Cl)cc1,Mol_201,1
80.42,4.3362000000000025,0.18181818181818182,412.87300000000016,4,7,3,2,3,CCOC(=O)c1[nH]c2cc(Cl)ccc2c1/C=C/C(=O)NCc1cccc(OC)c1,Mol_202,1
80.92,10.700199999999993,0.07692307692307693,674.018,4,5,4,4,4,Oc1c(Cl)cc(C(c2cc(Cl)c(O)c(Cl)c2)C(c2cc(Cl)c(O)c(Cl)c2)c2cc(Cl)c(O)c(Cl)c2)cc1Cl,Mol_203,0
80.92,10.700199999999993,0.07692307692307693,674.018,4,5,4,4,4,Oc1c(Cl)cc(C(c2cc(Cl)c(O)c(Cl)c2)C(c2cc(Cl)c(O)c(Cl)c2)c2cc(Cl)c(O)c(Cl)c2)cc1Cl,Mol_204,0
94.03,4.6060000000000025,0.22727272727272727,478.4710000000001,6,6,4,2,4,CC[C@](O)(c1cn(Cc2ccc3c(-c4ccc(F)cc4)c(C(N)=O)sc3c2)nn1)C(F)(F)F,Mol_205,0
113.09000000000002,4.095200000000004,0.4782608695652174,476.96100000000035,6,5,2,2,3,CCOC(=O)c1[nH]c2cc(Cl)ccc2c1/C=N/NC(=O)C1CCN(C(=O)OC(C)(C)C)CC1,Mol_206,1
121.88000000000001,4.584100000000004,0.3076923076923077,512.9940000000003,6,8,3,3,3,CCOC(=O)c1[nH]c2cc(Cl)ccc2c1/C=N/NC(=O)[C@H](Cc1ccccc1)NC(=O)OC(C)(C)C,Mol_207,0
92.78000000000002,3.5271000000000017,0.15,399.8340000000001,5,7,3,2,3,CCOC(=O)c1[nH]c2cc(Cl)ccc2c1/C=N/NC(=O)COc1ccccc1,Mol_208,0
29.1,4.520320000000003,0.1875,305.83,2,5,2,1,2,Cc1c(Cl)cccc1NC(=O)CSCc1ccccc1,Mol_209,0
58.64,2.907140000000001,0.5789473684210527,332.4440000000001,4,6,1,1,2,CCOC(=O)C1CCN(CCC(=O)Nc2cc(C)cc(C)c2)CC1,Mol_210,0
62.18,3.643810000000002,0.125,302.76099999999997,3,2,2,2,2,Cc1cccc(C(=N)NOC(=O)c2ccc(C)cc2Cl)c1,Mol_211,0
29.1,6.193020000000003,0.09523809523809523,367.9010000000002,2,5,3,1,3,Cc1cc(CSc2ccccc2)ccc1NC(=O)c1ccccc1Cl,Mol_212,0
38.69,5.561700000000005,0.6363636363636364,342.47900000000016,3,1,1,1,4,COc1cc2c(cc1O)O[C@@]1(C)CC[C@H]3C(C)(C)CCC[C@]3(C)C1=C2,Mol_213,1
35.53,4.941200000000005,0.6818181818181818,342.47900000000004,3,1,0,0,4,COC1=CC2=C[C@@H]3[C@@]4(C)CCCC(C)(C)[C@@H]4CC[C@]3(C)OC2=CC1=O,Mol_214,0
75.94999999999999,5.996140000000003,0.07692307692307693,428.9190000000002,3,5,4,2,4,Cc1ccc(-c2c(C(=O)c3ccccc3)[nH]c(N)c2C(=O)c2cccc(Cl)c2)c(C)c1,Mol_215,0
57.78,3.1079000000000008,0,274.08199999999994,2,2,2,2,2,O=C(Nc1ccc(F)cc1Cl)c1cc(Cl)[nH]n1,Mol_216,1
75.95,6.686100000000003,0,469.7550000000001,3,5,4,2,4,Nc1[nH]c(C(=O)c2ccccc2)c(-c2ccc(Cl)cc2Cl)c1C(=O)c1cccc(Cl)c1,Mol_217,0
75.95,6.032700000000004,0,435.3100000000002,3,5,4,2,4,Nc1[nH]c(C(=O)c2ccccc2)c(-c2cccc(Cl)c2)c1C(=O)c1cccc(Cl)c1,Mol_218,0
89.79,5.507900000000006,0.07407407407407407,425.48400000000015,4,6,4,4,4,O=C(Nc1ccc(CCc2ccc(O)c(O)c2)cc1)c1ccc(-c2ccccc2)cc1O,Mol_219,0
65.22,4.981400000000003,0.08695652173913043,418.4490000000001,6,5,4,0,4,O=C(OCC#CCSc1nnc(-c2cccc3ccccc23)o1)c1cccc(F)c1,Mol_220,1
59.290000000000006,3.3335000000000017,0.15,362.45800000000014,5,6,4,1,4,O=C(CSc1nnc2ccc3ccccc3n12)NCCc1ccccc1,Mol_221,0
48.67,5.356020000000004,0.125,372.4200000000001,4,5,4,0,4,COc1ccccc1COc1cc(C)cc2oc(=O)cc(-c3ccccc3)c12,Mol_222,0
63.25,3.564400000000002,0.09523809523809523,377.4690000000001,4,6,3,2,3,O=C(COc1ccccc1)NC(=S)Nc1ccc(Cc2ccncc2)cc1,Mol_223,0
89.79,4.4943000000000035,0.09523809523809523,383.83100000000013,4,5,3,4,3,O=C(Nc1ccc(CCc2ccc(O)c(O)c2)cc1)c1ccc(Cl)cc1O,Mol_224,1
116.41,4.790500000000004,0,432.86300000000017,5,5,4,4,4,Nc1[nH]c(C(=O)c2ccccc2)c(-c2ccc(O)cc2O)c1C(=O)c1cccc(Cl)c1,Mol_225,0
83.55000000000001,3.7523000000000017,0.16666666666666666,389.8640000000001,5,6,3,2,3,CCOC(=O)c1[nH]c2cc(Cl)ccc2c1/C=N/NC(=O)Cc1cccs1,Mol_226,0
67.24000000000001,3.161220000000002,0.5384615384615384,308.43199999999996,6,2,1,1,3,Cc1nnc(/N=C2\NC(=O)/C(=C/C3CCCCC3)S2)s1,Mol_227,0
49.69,3.124920000000002,0.25,256.301,3,1,2,2,3,Cc1ccc(C2COc3c(ccc(O)c3O)C2)cc1,Mol_228,0
50.44,2.622000000000001,0.25,204.22499999999997,3,1,2,1,2,CC(C)c1oc2ccccc2c(=O)c1O,Mol_229,0
48.67,2.720200000000001,0.35714285714285715,246.26199999999994,4,2,2,0,3,CC(C)Cc1cc(=O)c2cc3c(cc2o1)OCO3,Mol_230,0
54.370000000000005,5.395700000000005,0.5,318.4570000000001,2,14,0,1,0,CCCCC/C=C\C/C=C\C/C=C\C=C\C(=O)CCCC(=O)O,Mol_231,0
38.33,3.732120000000002,0.23529411764705882,303.78900000000004,2,5,2,1,2,Cc1ccc(CNC(=O)C(C)Oc2cccc(Cl)c2)cc1,Mol_232,0
20.23,2.9172000000000002,0,251.905,1,0,1,1,1,Oc1c(Br)cccc1Br,Mol_233,0
75.95,6.032700000000004,0,435.3100000000002,3,5,4,2,4,Nc1[nH]c(C(=O)c2ccccc2)c(-c2ccccc2Cl)c1C(=O)c1cccc(Cl)c1,Mol_234,0
39.44,4.864500000000005,0.3157894736842105,298.38200000000006,3,6,2,0,2,CC(C)=CCC/C(C)=C/COc1cc2ccccc2oc1=O,Mol_235,0
39.44,6.591000000000007,0.375,366.5010000000001,3,9,2,0,2,CC(C)=CCC/C(C)=C/CC/C(C)=C/COc1cc2ccccc2oc1=O,Mol_236,0
67.24000000000001,3.3915200000000016,0.07692307692307693,336.829,6,2,2,1,3,Cc1nnc(/N=C2\NC(=O)/C(=C/c3ccc(Cl)cc3)S2)s1,Mol_237,0
118.89000000000001,3.6270000000000024,0.09090909090909091,392.41100000000006,5,6,3,5,3,O=C(CCc1cccc(NC(=O)c2ccccc2O)c1)Nc1ccc(O)c(O)c1,Mol_238,0
134.04,2.4850000000000003,0,315.237,7,2,3,3,3,O=c1c(-c2ccc([N+](=O)[O-])c(O)c2)coc2cc(O)c(O)cc12,Mol_239,0
48.67,3.1887000000000016,0.0625,266.25199999999995,4,1,3,0,4,O=c1cc(-c2ccccc2)oc2cc3c(cc12)OCO3,Mol_240,0
50.44,3.231300000000002,0.35714285714285715,232.279,3,4,2,1,2,CCCCCc1cc(=O)c2ccc(O)cc2o1,Mol_241,0
68.15,2.5452000000000004,0.25,286.283,5,1,2,2,4,Oc1cc2c(cc1O)OCC(c1ccc3c(c1)OCO3)C2,Mol_242,1
70.67,2.5017000000000014,0.3076923076923077,234.25099999999998,4,0,2,2,2,CC(C)(C)c1cc(=O)c2cc(O)c(O)cc2o1,Mol_243,0
32.34,0.9279,0.2222222222222222,162.192,2,1,1,1,2,O=C1CCN(c2ccccc2)N1,Mol_244,1
89.79,3.8409000000000026,0.09523809523809523,349.3860000000001,4,5,3,4,3,O=C(Nc1ccc(CCc2ccc(O)c(O)c2)cc1)c1ccccc1O,Mol_245,1
57.53,7.158200000000007,0.5925925925925926,410.5980000000001,2,6,1,2,3,CC(C)=CCC[C@@]1(C)CCC[C@]2(C)[C@@H](Cc3cc(C(=O)O)ccc3O)C(C)=CC[C@@H]12,Mol_246,0
50.44,2.796100000000001,0.3076923076923077,218.25199999999998,3,0,2,1,2,CC(C)(C)c1cc(=O)c2ccc(O)cc2o1,Mol_247,0
70.67,3.5246000000000013,0,288.68600000000004,4,1,3,2,3,O=c1c(-c2ccc(Cl)cc2)coc2c(O)c(O)ccc12,Mol_248,0
40.46,4.970000000000003,0.25,311.2080000000001,2,5,2,2,2,Oc1ccc(CCCCc2ccc(Cl)c(Cl)c2)cc1O,Mol_249,0
61.85,2.2455800000000004,0.6,191.23399999999998,4,2,1,1,2,CNc1oc(C2CCCC2)nc1C#N,Mol_250,0
61.85,3.4081800000000015,0.06666666666666667,249.273,4,2,3,1,3,CNc1oc(-c2ccc3ccccc3c2)nc1C#N,Mol_251,0
89.79,4.994100000000005,0.08,399.44600000000014,4,5,4,4,4,O=C(Nc1ccc(CCc2ccc(O)c(O)c2)cc1)c1ccc2ccccc2c1O,Mol_252,1
89.13000000000001,2.5999000000000008,0.0625,298.25,6,1,3,2,4,O=c1c(-c2ccc3c(c2)OCO3)coc2cc(O)c(O)cc12,Mol_253,0
118.89,3.3080000000000016,0,364.3570000000001,5,4,3,5,3,O=C(Nc1ccc(O)c(O)c1)c1ccc(NC(=O)c2ccccc2O)cc1,Mol_254,0
130.92000000000002,3.699700000000001,0,379.37200000000007,5,4,3,6,3,O=C(Nc1ccc(NC(=O)c2ccccc2O)cc1)Nc1ccc(O)c(O)c1,Mol_255,0
87.66,4.937100000000005,0.21739130434782608,426.5380000000002,5,8,3,3,3,COc1cccc(CNc2ccc(S(=O)(=O)Nc3cccc(C(C)C)c3)cc2)c1O,Mol_256,0
116.33999999999999,3.6900000000000017,0.09523809523809523,424.48200000000014,6,7,4,4,4,COc1cccc(CNc2ccc(S(=O)(=O)Nc3nc4ccccc4[nH]3)cc2)c1O,Mol_257,0
89.79,4.231000000000003,0.13636363636363635,363.41300000000007,4,6,3,4,3,O=C(Nc1ccc(CCCc2ccc(O)c(O)c2)cc1)c1ccccc1O,Mol_258,1
55.120000000000005,2.3603,0.07142857142857142,256.33000000000004,3,3,2,2,2,C#CCNC(=O)c1cc(-c2ccccc2)sc1N,Mol_259,0
50.44,3.2313000000000023,0.35714285714285715,232.279,3,4,2,1,2,CCCCCc1oc2ccccc2c(=O)c1O,Mol_260,0
70.48,2.804120000000001,0.2,345.45300000000003,7,3,2,1,3,Cc1nnc(/N=C2\NC(=O)/C(=C/c3ccc(N(C)C)cc3)S2)s1,Mol_261,0
39.44,6.591000000000006,0.375,366.5010000000001,3,9,2,0,2,CC(C)=CCC/C(C)=C/CC/C(C)=C/COc1cccc2ccc(=O)oc12,Mol_262,0
65.22,4.981400000000003,0.08695652173913043,418.4490000000001,6,5,4,0,4,O=C(OCC#CCSc1nnc(-c2ccc3ccccc3c2)o1)c1ccc(F)cc1,Mol_263,1
39.44,6.591000000000006,0.375,366.5010000000001,3,9,2,0,2,CC(C)=CCC/C(C)=C/CC/C(C)=C/COc1ccc2oc(=O)ccc2c1,Mol_264,0
48.91,1.7822999999999998,0,160.17600000000002,2,1,2,2,2,Oc1ccccc1-c1cc[nH]n1,Mol_265,0
67.79,4.446900000000004,0.17391304347826086,377.4400000000001,4,7,3,2,3,COc1ccc(CCc2ccc(NC(=O)c3ccccc3O)cc2)cc1OC,Mol_266,0
57.01,7.0575200000000065,0.1935483870967742,475.59200000000016,5,7,5,0,5,Cc1ccc(-c2cc(CCC(=O)Oc3ccc(C(C)C)cc3)nn2-c2ccc3ccccc3n2)cc1,Mol_267,0
130.61,7.0174000000000145,0.6756756756756757,681.0140000000002,9,11,2,6,2,CC(C)(Sc1cc(C(C)(C)C)c(O)c(C(C)(C)C)c1)Sc1ccc(C(C)(C)C)c(OC[C@@H](O)[C@@H](O)[C@H](O)[C@@H](O)CO)c1C(C)(C)C,Mol_268,0
65.22,5.1205000000000025,0.08695652173913043,436.43900000000014,6,5,4,0,4,O=C(OCC#CCSc1nnc(-c2cccc3ccccc23)o1)c1ccc(F)c(F)c1,Mol_269,1
65.22,5.861100000000003,0.125,468.45600000000013,6,5,4,0,4,O=C(OCC#CCSc1nnc(-c2cccc3ccccc23)o1)c1ccc(C(F)(F)F)cc1,Mol_270,1
70.67,3.5246000000000013,0,288.686,4,1,3,2,3,O=c1c(-c2cccc(Cl)c2)coc2c(O)c(O)ccc12,Mol_271,0
114.18,4.085100000000002,0,395.4400000000001,5,4,3,6,3,O=C(Nc1ccc(/N=C(\S)Nc2ccc(O)c(O)c2)cc1)c1ccccc1O,Mol_272,0
68.15,2.833700000000002,0.29411764705882354,302.326,5,3,2,2,3,COc1ccc(C2COc3c(ccc(O)c3O)C2)cc1OC,Mol_273,0
50.44,2.061,0.18181818181818182,190.19799999999998,3,1,2,1,2,CCc1cc(=O)c2cc(O)ccc2o1,Mol_274,0
70.67,3.8900000000000015,0.0625,322.238,4,1,3,2,3,O=c1c(-c2cccc(C(F)(F)F)c2)coc2c(O)c(O)ccc12,Mol_275,0
80.42,4.378700000000003,0.21739130434782608,426.9000000000002,4,8,3,2,3,CCOC(=O)c1[nH]c2cc(Cl)ccc2c1/C=C/C(=O)NCCc1ccccc1OC,Mol_276,1
80.42,4.3362000000000025,0.18181818181818182,412.87300000000016,4,7,3,2,3,CCOC(=O)c1[nH]c2cc(Cl)ccc2c1/C=C/C(=O)NCc1ccc(OC)cc1,Mol_277,1
71.19,4.327600000000002,0.14285714285714285,382.8470000000001,3,6,3,2,3,CCOC(=O)c1[nH]c2cc(Cl)ccc2c1/C=C/C(=O)NCc1ccccc1,Mol_278,0
131.36,1.988,0,302.23800000000006,7,1,3,5,3,O=c1c(O)c(-c2ccc(O)c(O)c2)oc2cc(O)cc(O)c12,Mol_279,0
49.69,3.124920000000002,0.25,256.301,3,1,2,2,3,Cc1cccc(C2COc3cc(O)c(O)cc3C2)c1,Mol_280,1
74.74000000000001,2.8031800000000002,0.07142857142857142,250.261,5,2,3,1,3,CNc1oc(-c2cccc3cnccc23)nc1C#N,Mol_281,0
66.75999999999999,2.7651200000000014,0.1875,270.284,4,1,2,2,3,Cc1cccc(C2COc3cc(O)c(O)cc3C2=O)c1,Mol_282,1
80.31,1.9836799999999997,0.16666666666666666,243.22199999999995,6,2,2,1,3,CNc1oc(-c2ccc3c(c2)OCO3)nc1C#N,Mol_283,0
41.370000000000005,6.4222200000000065,0.35294117647058826,520.7210000000002,4,7,4,0,5,Cc1ccc(-c2cc(CCC(=O)N3CCN(Cc4ccc(C(C)(C)C)cc4)CC3)nn2-c2ccccc2)cc1,Mol_284,0
44.12,6.509320000000006,0.21428571428571427,424.5440000000001,4,7,4,0,4,Cc1ccc(-c2cc(CCC(=O)Oc3ccc(C(C)C)cc3)nn2-c2ccccc2)cc1,Mol_285,0
55.120000000000005,4.929300000000003,0.6111111111111112,322.51800000000003,3,12,1,2,1,C=CCCCCCCCc1cc(C(=O)NCCCC)c(N)s1,Mol_286,0
55.120000000000005,3.592900000000002,0.6428571428571429,268.42599999999993,3,8,1,2,1,CCCCCc1cc(C(=O)NCCCC)c(N)s1,Mol_287,0
58.2,6.244000000000007,0.4782608695652174,400.58800000000025,3,12,2,2,2,CCCCCCCC(=O)Nc1sc(-c2ccccc2)cc1C(=O)NCCCC,Mol_288,0
54.86,3.218400000000001,0.25,300.38300000000004,4,4,3,1,3,CCCCn1c(=O)[nH]c2sc(-c3ccccc3)cc2c1=O,Mol_289,0
9.23,6.484600000000007,0.42857142857142855,298.46999999999997,1,9,1,0,1,CC(C)=CCC/C(C)=C/CC/C(C)=C/COc1ccccc1,Mol_290,0
58.56,4.494920000000003,0.2777777777777778,333.81500000000005,3,5,2,2,2,Cc1cc(Cl)ccc1OCC(=O)Nc1cc(C(C)C)ccc1O,Mol_291,0
57.53,6.666200000000007,0.5769230769230769,394.5550000000001,2,3,1,2,4,CC1(C)CCC[C@@]2(C)C3=C(CC[C@H]12)C/C(=C\Cc1cc(C(=O)O)ccc1O)CC3,Mol_292,0
61.85,2.908380000000001,0.09090909090909091,233.658,4,2,2,1,2,CNc1oc(-c2cccc(Cl)c2)nc1C#N,Mol_293,0
86.99000000000001,2.1622999999999992,0.13333333333333333,272.256,5,1,2,3,3,O=C1c2cc(O)c(O)cc2OCC1c1ccc(O)cc1,Mol_294,0
119.61000000000001,7.381400000000014,0.6756756756756757,678.9980000000004,9,7,2,5,3,CC(C)(Sc1cc(C(C)(C)C)c(O)c(C(C)(C)C)c1)Sc1ccc(C(C)(C)C)c(OC[C@H]2OC(O)[C@H](O)[C@@H](O)[C@@H]2O)c1C(C)(C)C,Mol_295,0
42.6,5.6521200000000045,0.3,344.8380000000001,3,5,3,1,3,CCCc1cc(Cl)c2oc(Cc3ccc(OC)cc3)c(C)c2c1O,Mol_296,0
46.53,4.852800000000005,0.6666666666666666,328.45200000000017,3,0,0,1,4,CC1(C)CCC[C@]2(C)[C@H]3C=C4C=C(O)C(=O)C=C4O[C@@]3(C)CC[C@@H]12,Mol_297,0
65.22,5.995500000000004,0.07407407407407407,450.5190000000002,6,5,5,0,5,O=C(OCC#CCSc1nnc(-c2cccc3ccccc23)o1)c1ccc2ccccc2c1,Mol_298,1
76.02,4.374320000000003,0.3888888888888889,380.8510000000001,4,7,2,2,2,CCCCCCNC(=O)n1nc(C(=O)Nc2ccc(F)cc2Cl)cc1C,Mol_299,1
76.02000000000001,3.6758000000000015,0.3125,352.7970000000001,4,6,2,2,2,CCCCCNC(=O)n1ccc(C(=O)Nc2ccc(F)cc2Cl)n1,Mol_300,1
94.48,3.9033200000000017,0.42105263157894735,408.4050000000001,6,7,2,2,3,CCCCCCNC(=O)n1cc(C)c(C(=O)Nc2cccc3c2OC(F)(F)O3)n1,Mol_301,1
76.02,4.374320000000003,0.3888888888888889,380.8510000000001,4,7,2,2,2,CCCCCCNC(=O)n1nc(C(=O)Nc2ccc(F)cc2Cl)cc1C,Mol_302,1
37.81,3.4000000000000012,0.07692307692307693,241.31900000000002,4,2,3,1,3,CNc1nnc(-c2cccc3ccccc23)s1,Mol_303,0
49.69,6.702600000000003,0,596.6890000000001,3,2,2,2,2,Oc1c(Br)cc(Br)cc1Oc1c(Br)cc(Br)c(Br)c1O,Mol_304,0
61.85,4.968580000000004,0.2631578947368421,305.3810000000001,4,6,3,1,3,CCCCCNc1oc(-c2cccc3ccccc23)nc1C#N,Mol_305,1
57.78,3.7613000000000003,0,308.52700000000004,2,2,2,2,2,O=C(Nc1ccc(F)cc1Cl)c1n[nH]c(Cl)c1Cl,Mol_306,1
38.06,3.536500000000002,0.07142857142857142,224.26299999999998,3,2,3,1,3,CNc1ncc(-c2cccc3ccccc23)o1,Mol_307,0
61.85,3.5617800000000015,0.09090909090909091,268.10299999999995,4,2,2,1,2,CNc1oc(-c2ccc(Cl)c(Cl)c2)nc1C#N,Mol_308,0
61.85,3.9219800000000022,0.058823529411764705,275.31100000000004,4,3,3,1,3,CNc1oc(-c2ccc(-c3ccccc3)cc2)nc1C#N,Mol_309,0
73.88,2.7501800000000003,0.17647058823529413,290.3260000000001,5,3,3,2,4,N#Cc1nc(-c2cccc3ccccc23)oc1NC1CNC1,Mol_310,0
61.85,3.921980000000003,0.058823529411764705,275.31100000000004,4,3,3,1,3,CNc1oc(-c2ccccc2-c2ccccc2)nc1C#N,Mol_311,0
61.85,4.978580000000004,0.047619047619047616,325.37100000000004,4,4,4,1,4,N#Cc1nc(-c2cccc3ccccc23)oc1NCc1ccccc1,Mol_312,0
58.92,4.172400000000004,0.4,330.42400000000004,4,7,2,2,2,COc1ccc(C[C@@H](C)[C@@H](C)Cc2ccc(O)c(O)c2)cc1OC,Mol_313,1
48.67,2.8192000000000004,0.35714285714285715,246.26199999999994,4,0,2,0,3,CC(C)(C)c1cc(=O)c2cc3c(cc2o1)OCO3,Mol_314,0
50.44,2.6971000000000007,0.3076923076923077,218.25199999999998,3,2,2,1,2,CC(C)Cc1cc(=O)c2cc(O)ccc2o1,Mol_315,0
70.67000000000002,3.1796200000000017,0.0625,268.268,4,1,3,2,3,Cc1cccc(-c2coc3c(O)c(O)ccc3c2=O)c1,Mol_316,0
70.67000000000002,3.1796200000000026,0.0625,268.268,4,1,3,2,3,Cc1ccc(-c2coc3c(O)c(O)ccc3c2=O)cc1,Mol_317,0
55.120000000000005,4.180600000000003,0.26666666666666666,308.834,3,5,2,2,2,CCCCNC(=O)c1cc(-c2ccc(Cl)cc2)sc1N,Mol_318,0
49.69,6.702600000000003,0,596.6890000000001,3,2,2,2,2,Oc1c(Br)cc(Br)cc1Oc1c(Br)cc(Br)c(Br)c1O,Mol_319,0
65.56,3.2616000000000023,0.5,494.6360000000003,6,9,2,0,4,COc1ccccc1N1CCN(C(=O)CCCCC(=O)N2CCN(c3ccccc3OC)CC2)CC1,Mol_320,0
58.2,4.5611200000000025,0.05263157894736842,336.416,3,4,3,2,3,Cc1ccccc1C(=O)Nc1cccc(NC(=O)c2cccs2)c1,Mol_321,0
49.69,3.671800000000003,0.29411764705882354,272.344,3,6,2,2,2,COc1ccc(CCCCc2ccc(O)c(O)c2)cc1,Mol_322,0
60.69,3.368800000000003,0.25,258.317,3,5,2,3,2,Oc1ccc(CCCCc2ccc(O)c(O)c2)cc1,Mol_323,0
50.44,2.796100000000001,0.3076923076923077,218.25199999999998,3,0,2,1,2,CC(C)(C)c1cc(=O)c2cc(O)ccc2o1,Mol_324,0
47.92,5.4820000000000055,0.7391304347826086,374.5210000000002,4,2,1,1,4,COc1cc2c(cc1O)O[C@@]1(C)CC[C@H]3C(C)(C)CCC[C@]3(C)[C@H]1[C@@H]2OC,Mol_325,0
40.46,9.908299999999995,0.6129032258064516,516.8570000000003,4,4,2,2,2,CC(C)(Sc1cc(C(C)(C)C)c(O)c(C(C)(C)C)c1)Sc1cc(C(C)(C)C)c(O)c(C(C)(C)C)c1,Mol_326,0
69.92,2.522100000000001,0.2,258.27299999999997,4,1,2,3,3,Oc1ccc(C2COc3cc(O)c(O)cc3C2)cc1,Mol_327,1
50.44,3.231300000000002,0.35714285714285715,232.279,3,4,2,1,2,CCCCCc1cc(=O)c2cc(O)ccc2o1,Mol_328,0
55.120000000000005,2.4226,0.5454545454545454,226.34499999999994,3,5,1,2,1,CCCCNC(=O)c1cc(CC)sc1N,Mol_329,0
44.89,3.3512000000000013,0.3076923076923077,250.72899999999998,1,4,2,2,2,CCCCNC(=O)c1cc2ccc(Cl)cc2[nH]1,Mol_330,0
71.19,5.190200000000004,0.5238095238095238,392.9270000000002,3,9,2,2,2,CCOC(=O)c1[nH]c2cc(Cl)ccc2c1C(=O)NC[C@H](C)CCCC(C)C,Mol_331,0
71.19,5.634400000000003,0.14285714285714285,451.7370000000002,3,6,3,2,3,CCOC(=O)c1[nH]c2cc(Cl)ccc2c1/C=C/C(=O)NCc1ccc(Cl)cc1Cl,Mol_332,0
94.41000000000001,5.396500000000003,0.07692307692307693,460.91700000000026,5,7,4,2,4,COc1ccc(-c2c(C(=O)c3ccccc3)[nH]c(N)c2C(=O)c2cccc(Cl)c2)c(OC)c1,Mol_333,0
78.79,4.452320000000005,0.17391304347826086,377.44000000000005,4,6,3,3,3,COc1cc(CCc2ccc(NC(=O)c3ccc(C)cc3O)cc2)ccc1O,Mol_334,0
71.19,4.3701000000000025,0.18181818181818182,396.87400000000014,3,7,3,2,3,CCOC(=O)c1[nH]c2cc(Cl)ccc2c1/C=C/C(=O)NCCc1ccccc1,Mol_335,0
39.44,4.864500000000004,0.3157894736842105,298.382,3,6,2,0,2,CC(C)=CCC/C(C)=C/COc1cccc2oc(=O)ccc12,Mol_336,0
65.22,4.903800000000003,0.09523809523809523,406.4880000000001,7,5,4,0,4,O=C(OCC#CCSc1nnc(-c2cccc3ccccc23)o1)c1ccsc1,Mol_337,1
42.09,2.998000000000001,0.18181818181818182,223.659,2,2,2,1,2,CCOC(=O)c1cc2ccc(Cl)cc2[nH]1,Mol_338,0
96.22000000000001,3.852600000000003,0.09523809523809523,368.3850000000001,6,7,2,3,2,COc1cc(/C=C/C(=O)/C=C(O)/C=C/c2ccc(O)c(OC)c2)ccc1O,Mol_339,0
20.23,2.1547,0,173.009,1,0,1,1,1,Oc1ccccc1Br,Mol_340,0
65.22,5.995500000000004,0.07407407407407407,450.5190000000002,6,5,5,0,5,O=C(OCC#CCSc1nnc(-c2cccc3ccccc23)o1)c1ccc2ccccc2c1,Mol_341,1
80.92,3.5664000000000033,0.3333333333333333,302.37,4,5,2,4,2,CC(Cc1ccc(O)c(O)c1)C(C)Cc1ccc(O)c(O)c1,Mol_342,1
40.46,5.380600000000003,0,324.42600000000004,4,1,3,2,4,Oc1ccc(-c2cccc3c2Sc2ccccc2S3)c(O)c1,Mol_343,0
54.37,2.4769000000000005,0.5,208.25699999999998,3,5,0,1,1,CCCCCCC1=CC(=O)C(O)=CC1=O,Mol_344,0
57.78,3.1079000000000008,0,274.08199999999994,2,2,2,2,2,O=C(Nc1ccc(F)cc1Cl)c1cc(Cl)[nH]n1,Mol_345,1
62.050000000000004,3.042300000000002,0,226.235,3,2,3,2,3,Oc1ccccc1-c1cc(-c2ccco2)[nH]n1,Mol_346,0
58.14,3.5970000000000013,0.0625,284.28999999999996,3,3,3,2,3,COc1ccc(O)c(-c2cc(-c3ccc(F)cc3)[nH]n2)c1,Mol_347,0
66.56,2.7321999999999997,0.18181818181818182,236.29599999999996,3,2,2,2,2,CC(c1cc2ccccc2s1)N(O)C(N)=O,Mol_348,0
15.79,4.4406000000000025,0.06666666666666667,237.32700000000003,1,0,3,1,4,c1ccc2c(c1)SCc1c-2[nH]c2ccccc12,Mol_349,1
61.85,3.4081800000000015,0.06666666666666667,249.273,4,2,3,1,3,CNc1oc(-c2cccc3ccccc23)nc1C#N,Mol_350,1
75.95,3.7123000000000017,0,324.76700000000005,3,4,3,2,3,Nc1[nH]c(C(=O)c2ccccc2)cc1C(=O)c1cccc(Cl)c1,Mol_351,0
75.95,7.046300000000005,0,476.9630000000002,3,6,5,2,5,Nc1[nH]c(C(=O)c2ccccc2)c(-c2ccc(-c3ccccc3)cc2)c1C(=O)c1cccc(Cl)c1,Mol_352,0
75.95,5.657500000000003,0,436.84500000000014,3,5,4,2,4,Nc1[nH]c(C(=O)c2ccccc2)c(-c2ccc(F)cc2F)c1C(=O)c1cccc(Cl)c1,Mol_353,0
94.41,5.108000000000003,0.04,444.87400000000025,5,5,4,2,5,Nc1[nH]c(C(=O)c2ccccc2)c(-c2ccc3c(c2)OCO3)c1C(=O)c1cccc(Cl)c1,Mol_354,0
65.22,5.995500000000004,0.07407407407407407,450.5190000000002,6,5,5,0,5,O=C(OCC#CCSc1nnc(-c2cccc3ccccc23)o1)c1ccc2ccccc2c1,Mol_355,1
70.67,2.871200000000001,0,254.24099999999999,4,1,3,2,3,O=c1c(O)c(-c2ccccc2)oc2ccc(O)cc12,Mol_356,0
55.120000000000005,4.869800000000004,0.42105263157894735,330.4970000000001,3,8,2,2,2,CCCCNC(=O)c1c(N)sc(-c2ccccc2)c1CCCC,Mol_357,0
32.34,0.9279,0.2222222222222222,162.192,2,1,1,1,2,O=C1CCN(c2ccccc2)N1,Mol_358,1
90.9,2.5768000000000013,0,270.24,5,1,3,3,3,O=c1c(-c2ccc(O)cc2)coc2cc(O)c(O)cc12,Mol_359,0
38.69,6.340200000000002,0,515.777,3,0,2,1,3,Oc1cc(Br)c(Br)c2c1Oc1cc(Br)cc(Br)c1O2,Mol_360,1
48.91,4.520220000000002,0.0625,329.197,2,2,3,2,3,Cc1ccc(O)c(-c2cc(-c3cccc(Br)c3)[nH]n2)c1,Mol_361,0
48.91,4.0661400000000025,0.11764705882352941,264.32800000000003,2,2,3,2,3,Cc1ccc(O)c(-c2cc(-c3ccccc3C)[nH]n2)c1,Mol_362,0
80.92,3.5664000000000033,0.3333333333333333,302.37,4,5,2,4,2,CC(Cc1ccc(O)c(O)c1)C(C)Cc1ccc(O)c(O)c1,Mol_363,1
48.13,3.0227000000000013,0.4,293.798,2,5,2,2,2,CCCNC(=O)c1[nH]c2cc(Cl)ccc2c1CN(C)C,Mol_364,0
71.19,5.676900000000003,0.18181818181818182,465.76400000000024,3,7,3,2,3,CCOC(=O)c1[nH]c2cc(Cl)ccc2c1/C=C/C(=O)NCCc1ccc(Cl)cc1Cl,Mol_365,1
71.19,3.1378000000000013,0.3333333333333333,308.76500000000004,3,5,2,2,2,CCCNC(=O)c1c(C(=O)OCC)[nH]c2cc(Cl)ccc12,Mol_366,0
57.53,7.158200000000007,0.5925925925925926,410.5980000000001,2,6,1,2,3,CC(C)=CCC[C@@]1(C)CCC[C@]2(C)[C@@H](Cc3cc(C(=O)O)ccc3O)C(C)=CC[C@@H]12,Mol_367,0
65.22,5.995500000000004,0.07407407407407407,450.5190000000002,6,5,5,0,5,O=C(OCC#CCSc1nnc(-c2cccc3ccccc23)o1)c1ccc2ccccc2c1,Mol_368,1
73.83,4.885800000000005,0.15789473684210525,310.34900000000005,4,3,3,3,3,CC(C)/C=C/c1c(O)cc(-c2cc3ccc(O)cc3o2)cc1O,Mol_369,1
40.46,3.841800000000002,0.058823529411764705,250.29700000000003,2,2,3,2,3,Oc1ccc(Cc2ccc3ccccc3c2)c(O)c1,Mol_370,0
81.06,4.183700000000002,0.058823529411764705,447.7970000000001,5,4,3,1,3,O=C(Nc1ccc(F)cc1Cl)c1ccn(S(=O)(=O)c2cccc(C(F)(F)F)c2)n1,Mol_371,0
48.91,4.102700000000002,0,270.719,2,2,3,2,3,Oc1ccccc1-c1cc(-c2ccccc2Cl)[nH]n1,Mol_372,0
48.91,3.8968200000000017,0.0625,268.291,2,2,3,2,3,Cc1ccc(O)c(-c2cc(-c3cccc(F)c3)[nH]n2)c1,Mol_373,0
40.46,6.4737000000000045,0.2,543.875,2,2,2,2,2,CC(C)(c1cc(Br)c(O)c(Br)c1)c1cc(Br)c(O)c(Br)c1,Mol_374,0
83.55000000000001,3.690800000000002,0.15,383.8350000000001,4,6,3,2,3,CCOC(=O)c1[nH]c2cc(Cl)ccc2c1/C=N/NC(=O)Cc1ccccc1,Mol_375,0
112.23000000000002,4.116700000000002,0.14285714285714285,455.92700000000013,6,7,4,3,4,CCOC(=O)c1[nH]c2cc(Cl)ccc2c1/C=N/NC(=O)CSc1nc2ccccc2[nH]1,Mol_376,1
75.84,2.9486800000000004,0,235.24599999999998,4,1,3,1,3,N#Cc1nc(-c2cccc3ccccc23)oc1N,Mol_377,0
40.46,3.2206000000000023,0.5,194.274,2,5,1,2,1,CCCCCCc1ccc(O)cc1O,Mol_378,0
44.89,2.961100000000001,0.25,236.702,1,3,2,2,2,CCCNC(=O)c1cc2ccc(Cl)cc2[nH]1,Mol_379,0
80.42,4.3362000000000025,0.18181818181818182,412.87300000000016,4,7,3,2,3,CCOC(=O)c1[nH]c2cc(Cl)ccc2c1/C=C/C(=O)NCc1ccccc1OC,Mol_380,1
90.9,2.576800000000001,0,270.24,5,1,3,3,3,O=c1cc(-c2ccccc2)oc2cc(O)c(O)c(O)c12,Mol_381,0
42.09,2.998000000000001,0.18181818181818182,223.659,2,2,2,1,2,CCOC(=O)c1cc2ccc(Cl)cc2[nH]1,Mol_382,0
29.46,6.234500000000002,0,501.7940000000001,2,2,2,1,2,Oc1cc(Br)cc(Br)c1Oc1ccc(Br)cc1Br,Mol_383,0
83.55000000000001,3.8843000000000023,0.3888888888888889,363.84500000000014,4,7,2,2,2,CCOC(=O)c1[nH]c2cc(Cl)ccc2c1/C=N/NC(=O)CCC(C)C,Mol_384,0
92.78000000000002,4.6803000000000035,0.125,449.8940000000002,5,7,4,2,4,CCOC(=O)c1[nH]c2cc(Cl)ccc2c1/C=N/NC(=O)COc1cccc2ccccc12,Mol_385,0
4.41,1.9392999999999998,0,117.15099999999995,1,0,2,0,2,c1ccn2cccc2c1,Mol_386,0
39.44,6.591000000000007,0.375,366.5010000000001,3,9,2,0,2,CC(C)=CCC/C(C)=C/CC/C(C)=C/COc1cc(=O)oc2ccccc12,Mol_387,0
39.44,6.591000000000006,0.375,366.5010000000001,3,9,2,0,2,CC(C)=CCC/C(C)=C/CC/C(C)=C/COc1cccc2oc(=O)ccc12,Mol_388,0
61.85,3.4081800000000015,0.06666666666666667,249.273,4,2,3,1,3,CNc1oc(-c2cccc3ccccc23)nc1C#N,Mol_389,1
55.4,3.8247000000000027,0.2631578947368421,311.381,3,7,2,1,2,CCOC(=O)c1ccccc1NC(=O)CCCc1ccccc1,Mol_390,0
50.44,3.1656000000000013,0,238.242,3,1,3,1,3,O=c1c(O)c(-c2ccccc2)oc2ccccc12,Mol_391,0
66.86,1.7176999999999998,0.5,403.078,5,0,1,1,4,CN1C(N)=N[C@]23CCCN2C(=O)c2cc(Br)c(Br)n2[C@H]13,Mol_392,0
44.89,2.5710000000000006,0.18181818181818182,222.67499999999998,1,2,2,2,2,CCNC(=O)c1cc2ccc(Cl)cc2[nH]1,Mol_393,0
57.53,7.158200000000007,0.5925925925925926,410.5980000000001,2,6,1,2,3,CC(C)=CCC[C@@]1(C)CCC[C@]2(C)[C@H](Cc3cc(C(=O)O)ccc3O)C(C)=CC[C@@H]12,Mol_394,0
61.85,3.4081800000000015,0.06666666666666667,249.273,4,2,3,1,3,CNc1oc(-c2cccc3ccccc23)nc1C#N,Mol_395,1
17.82,5.183400000000003,0.11764705882352941,334.36600000000004,3,4,3,0,3,FC(F)(F)c1ccc(CSc2nccn2-c2ccccc2)cc1,Mol_396,0
133.94,-0.1917,0.2,436.37300000000016,8,2,3,1,5,C[C@@]12CCC(=O)c3coc(c31)C(=O)c1cc3c(O)ccc(OS(=O)(=O)[O-])c3cc12.[Na+],Mol_397,0
109.78,4.432000000000004,0.13636363636363635,471.56000000000023,8,8,4,3,4,COc1ccc2nc(NS(=O)(=O)c3ccc(NCc4cccc(OC)c4O)cc3)sc2c1,Mol_398,0
87.47000000000001,2.443720000000001,0.07692307692307693,318.38300000000004,7,2,2,2,3,Cc1nnc(/N=C2\NC(=O)/C(=C/c3ccc(O)cc3)S2)s1,Mol_399,0
80.92,3.5664000000000033,0.3333333333333333,302.37,4,5,2,4,2,CC(Cc1ccc(O)c(O)c1)C(C)Cc1ccc(O)c(O)c1,Mol_400,1
61.85,3.964380000000002,0.058823529411764705,275.31100000000004,4,4,3,1,3,C=CCNc1oc(-c2cccc3ccccc23)nc1C#N,Mol_401,0
57.53,7.233600000000009,0.9,456.7110000000003,2,1,0,2,5,CC1(C)CC[C@]2(C)CC[C@]3(C)C(=CC[C@@H]4[C@@]5(C)CC[C@@H](O)[C@](C)(C(=O)O)[C@@H]5CC[C@]43C)[C@@H]2C1,Mol_402,1
75.36,3.8024000000000027,0.17647058823529413,330.771,4,4,3,2,3,CCC(=O)NC(c1ccco1)c1cc(Cl)c2cccnc2c1O,Mol_403,0
62.22,3.880800000000003,0.125,332.812,4,3,3,2,3,CC(=O)NC(c1cccs1)c1cc(Cl)c2cccnc2c1O,Mol_404,0
65.22,6.057000000000004,0.08,456.5480000000002,7,5,5,0,5,O=C(OCC#CCSc1nnc(-c2cccc3ccccc23)o1)c1cc2ccccc2s1,Mol_405,1
44.89,3.7413000000000016,0.35714285714285715,264.756,1,5,2,2,2,CCCCCNC(=O)c1cc2ccc(Cl)cc2[nH]1,Mol_406,0
83.22,4.299300000000002,0.21739130434782608,425.91600000000017,3,8,3,3,3,CCCNC(=O)c1[nH]c2cc(Cl)ccc2c1/C=C/C(=O)NCc1ccccc1OC,Mol_407,0
83.55000000000001,4.080900000000002,0.19047619047619047,397.86200000000014,4,7,3,2,3,CCOC(=O)c1[nH]c2cc(Cl)ccc2c1/C=N/NC(=O)CCc1ccccc1,Mol_408,0
67.37,3.4665000000000017,0.11764705882352941,296.326,4,4,3,2,3,COc1ccc(-c2cc(-c3cc(OC)ccc3O)[nH]n2)cc1,Mol_409,0
28.68,3.7437000000000022,0,220.275,1,2,3,1,3,c1ccc(-c2cc(-c3ccccc3)[nH]n2)cc1,Mol_410,0
48.91,3.757720000000002,0.0625,250.30100000000002,2,2,3,2,3,Cc1ccccc1-c1cc(-c2ccccc2O)[nH]n1,Mol_411,0
78.01,3.0207200000000007,0.1111111111111111,307.353,3,4,3,3,3,Cc1ccc(O)c(-c2cc(C(=O)NCc3ccccc3)[nH]n2)c1,Mol_412,0
58.14,4.2204000000000015,0.0625,345.19599999999997,3,3,3,2,3,COc1ccc(O)c(-c2cc(-c3cccc(Br)c3)[nH]n2)c1,Mol_413,0
48.91,4.211800000000002,0,315.17,2,2,3,2,3,Oc1ccc(Br)cc1-c1cc(-c2ccccc2)[nH]n1,Mol_414,0
48.91,4.411120000000002,0.0625,284.74600000000004,2,2,3,2,3,Cc1ccc(-c2cc(-c3ccccc3Cl)[nH]n2)c(O)c1,Mol_415,0
33.120000000000005,3.2472000000000003,0,214.051,2,0,2,1,2,Oc1c(Cl)cc(Cl)c2cccnc12,Mol_416,0
61.85,4.188380000000002,0.17647058823529413,277.327,4,4,3,1,3,CCCNc1oc(-c2cccc3ccccc23)nc1C#N,Mol_417,1
61.85,2.908380000000001,0.09090909090909091,233.658,4,2,2,1,2,CNc1oc(-c2ccc(Cl)cc2)nc1C#N,Mol_418,0
29.46,6.997000000000003,0,580.69,2,2,2,1,2,Oc1cc(Br)c(Br)c(Br)c1Oc1ccc(Br)cc1Br,Mol_419,0
87.47,1.7611999999999997,0.09090909090909091,292.34499999999997,7,2,2,2,3,O=C1CS/C(=N/c2nnc(-c3ccccc3O)s2)N1,Mol_420,0
80.13000000000001,2.13312,0.08333333333333333,303.372,7,2,2,1,3,Cc1nnc(/N=C2\NC(=O)/C(=C/c3cccnc3)S2)s1,Mol_421,0
50.44,3.1656000000000013,0,238.242,3,1,3,1,3,O=c1cc(-c2ccccc2)oc2cc(O)ccc12,Mol_422,0
109.52,5.586900000000004,0.375,473.59500000000025,5,12,3,3,3,CCCCCCCCOC(=O)NS(=O)(=O)Nc1cc(-c2cc3ccccc3[nH]2)ccc1OC,Mol_423,1
61.85,3.798280000000002,0.125,263.29999999999995,4,3,3,1,3,CCNc1oc(-c2cccc3ccccc23)nc1C#N,Mol_424,1
79.9,2.879800000000002,0.0625,284.267,5,2,3,2,3,COc1ccc(-c2coc3cc(O)c(O)cc3c2=O)cc1,Mol_425,0
70.67,2.8712000000000013,0,254.24099999999999,4,1,3,2,3,O=c1c(O)c(-c2ccccc2)oc2cccc(O)c12,Mol_426,0
111.13000000000001,2.282400000000001,0,286.23900000000003,6,1,3,4,3,O=c1c(O)c(-c2ccc(O)c(O)c2)oc2cc(O)ccc12,Mol_427,0
106.89000000000001,4.431300000000006,0.6774193548387096,570.7680000000004,6,11,1,2,3,CC1=CC[C@H]2C(C)(C)CCC[C@]2(C)[C@H]1C[C@@H](OS(=O)(=O)[O-])[C@H](C)CCC/C(C)=C/Cc1cc(O)ccc1O.[Na+],Mol_428,1
80.92,3.5664000000000033,0.3333333333333333,302.37,4,5,2,4,2,CC(Cc1ccc(O)c(O)c1)C(C)Cc1ccc(O)c(O)c1,Mol_429,1
80.92,3.5664000000000033,0.3333333333333333,302.37,4,5,2,4,2,CC(Cc1ccc(O)c(O)c1)C(C)Cc1ccc(O)c(O)c1,Mol_430,0
80.92,3.5664000000000033,0.3333333333333333,302.37,4,5,2,4,2,CC(Cc1ccc(O)c(O)c1)C(C)Cc1ccc(O)c(O)c1,Mol_431,0
67.24000000000001,0.69702,0.3333333333333333,214.275,6,1,1,1,2,Cc1nnc(/N=C2\NC(=O)CS2)s1,Mol_432,0
44.89,2.7135000000000007,0.25,234.68600000000004,1,2,2,2,3,O=C(NC1CC1)c1cc2ccc(Cl)cc2[nH]1,Mol_433,0
103.78000000000002,3.3964000000000016,0.15,399.8340000000001,5,6,3,3,3,CCOC(=O)c1[nH]c2cc(Cl)ccc2c1/C=N/NC(=O)Cc1cccc(O)c1,Mol_434,0
96.44000000000001,3.0858000000000017,0.15789473684210525,384.8230000000001,5,6,3,2,3,CCOC(=O)c1[nH]c2cc(Cl)ccc2c1/C=N/NC(=O)Cc1cccnc1,Mol_435,1
92.78000000000002,5.614100000000004,0.22727272727272727,496.77800000000025,5,9,3,2,3,CCOC(=O)c1[nH]c2cc(Cl)ccc2c1/C=N/NC(=O)CCCOc1ccc(Cl)cc1Cl,Mol_436,0
111.13000000000001,2.2824000000000004,0,286.23900000000003,6,1,3,4,3,O=c1cc(-c2ccc(O)c(O)c2)oc2cc(O)cc(O)c12,Mol_437,0
94.93,2.0814,0.2857142857142857,366.42400000000015,9,5,2,1,3,COc1cc(-c2nnc(/N=C3\NC(=O)CS3)s2)cc(OC)c1OC,Mol_438,0
51.47,4.655520000000003,0.11764705882352941,315.7560000000001,3,3,3,1,3,COc1ccc(Cl)cc1NC(=O)c1oc2ccccc2c1C,Mol_439,0
67.43,4.261300000000003,0.05263157894736842,352.4150000000001,4,5,3,2,3,COc1ccccc1C(=O)Nc1cccc(NC(=O)c2cccs2)c1,Mol_440,0
55.120000000000005,4.1148000000000025,0.26666666666666666,306.81800000000015,3,2,2,2,3,Nc1sc2c(c1C(=O)Nc1cccc(Cl)c1)CCCC2,Mol_441,0
20.23,2.1547,0,173.00900000000001,1,0,1,1,1,Oc1ccc(Br)cc1,Mol_442,0
74.6,3.3888000000000016,0.6470588235294118,290.359,4,2,0,2,3,O=C1C=C(O)C(=O)C(CC2CCC3CCCCC3C2)=C1O,Mol_443,0
50.44,3.1656000000000013,0,238.242,3,1,3,1,3,O=c1cc(-c2ccccc2)oc2ccc(O)cc12,Mol_444,0
57.53,3.6764000000000014,0.05555555555555555,278.307,3,3,3,2,3,O=C(Cc1ccc2ccccc2c1)c1ccc(O)cc1O,Mol_445,0
100.55,3.270200000000002,0.11764705882352941,391.4740000000001,7,7,3,3,3,COc1cccc(CNc2ccc(S(=O)(=O)Nc3nccs3)cc2)c1O,Mol_446,0
67.24000000000001,2.36402,0.16666666666666666,290.373,6,2,2,1,3,Cc1ccc(-c2nnc(/N=C3\NC(=O)CS3)s2)cc1,Mol_447,0
67.24,2.8181000000000003,0.09090909090909091,355.24199999999996,6,2,2,1,3,O=C1CS/C(=N/c2nnc(-c3ccc(Br)cc3)s2)N1,Mol_448,0
76.47,2.74672,0.14285714285714285,332.41,7,3,2,1,3,COc1ccc(/C=C2\S/C(=N/c3nnc(C)s3)NC2=O)cc1,Mol_449,0
67.24000000000001,2.877220000000001,0.07692307692307693,320.374,6,2,2,1,3,Cc1nnc(/N=C2\NC(=O)/C(=C/c3ccc(F)cc3)S2)s1,Mol_450,0
67.24000000000001,2.799620000000001,0.09090909090909091,308.413,7,2,2,1,3,Cc1nnc(/N=C2\NC(=O)/C(=C/c3ccsc3)S2)s1,Mol_451,0
38.33,4.684300000000004,0.20833333333333334,357.45300000000015,2,6,3,1,4,O=C(NCc1ccccc1)c1cccc(COc2ccc3c(c2)CCC3)c1,Mol_452,0
71.09,3.026600000000001,0.17391304347826086,373.45600000000013,3,8,3,2,3,O=C(NCCc1ccccc1)c1cccc(C(=O)NCCc2ccccc2)n1,Mol_453,0
66.76,2.8969000000000005,0.11764705882352941,284.311,4,5,2,2,2,O=C(/C=C/c1ccc(O)c(O)c1)OCCc1ccccc1,Mol_454,1
39.44,4.864500000000005,0.3157894736842105,298.382,3,6,2,0,2,CC(C)=CCC/C(C)=C/COc1ccc2oc(=O)ccc2c1,Mol_455,0
58.92,2.8251000000000017,0.25,272.29999999999995,4,2,2,2,3,COc1ccc(C2COc3cc(O)c(O)cc3C2)cc1,Mol_456,1
41.62,2.1877000000000004,0.3,229.20499999999993,3,1,1,1,2,NC1=NN(c2cccc(C(F)(F)F)c2)CC1,Mol_457,0
29.46,6.9970000000000026,0,580.69,2,2,2,1,2,Oc1c(Br)cc(Br)c(Br)c1Oc1ccc(Br)cc1Br,Mol_458,0
87.60000000000001,7.196300000000007,0.25806451612903225,500.63900000000024,5,10,3,3,3,COc1cc(/C=C/c2cc(/C=C/c3cc(CC=C(C)C)c(O)c(OC)c3)[nH]n2)cc(CC=C(C)C)c1O,Mol_459,1
87.47,1.7611999999999997,0.09090909090909091,292.34499999999997,7,2,2,2,3,O=C1CS/C(=N/c2nnc(-c3ccc(O)cc3)s2)N1,Mol_460,0
55.120000000000005,3.5272000000000014,0.26666666666666666,274.389,3,5,2,2,2,CCCCNC(=O)c1cc(-c2ccccc2)sc1N,Mol_461,0
80.92,3.074400000000003,0.25,274.31600000000003,4,5,2,4,2,Oc1ccc(CCCCc2ccc(O)c(O)c2)cc1O,Mol_462,0
67.24,2.0556,0.09090909090909091,276.346,6,2,2,1,3,O=C1CS/C(=N/c2nnc(-c3ccccc3)s2)N1,Mol_463,0
67.24000000000001,3.0465400000000002,0.14285714285714285,316.41100000000006,6,2,2,1,3,Cc1ccc(/C=C2\S/C(=N/c3nnc(C)s3)NC2=O)cc1,Mol_464,0
67.24000000000001,3.8615200000000023,0.25,344.46500000000003,6,3,2,1,3,Cc1nnc(/N=C2\NC(=O)/C(=C/c3ccc(C(C)C)cc3)S2)s1,Mol_465,0
61.85,3.4081800000000015,0.06666666666666667,249.273,4,2,3,1,3,CNc1oc(-c2cccc3ccccc23)nc1C#N,Mol_466,1
61.85,3.4081800000000015,0.06666666666666667,249.273,4,2,3,1,3,CNc1oc(-c2cccc3ccccc23)nc1C#N,Mol_467,1
61.85,3.4081800000000015,0.06666666666666667,249.273,4,2,3,1,3,CNc1oc(-c2cccc3ccccc23)nc1C#N,Mol_468,1
61.85,3.4081800000000015,0.06666666666666667,249.273,4,2,3,1,3,CNc1oc(-c2cccc3ccccc23)nc1C#N,Mol_469,0
65.22,5.995500000000004,0.07407407407407407,450.5190000000002,6,5,5,0,5,O=C(OCC#CCSc1nnc(-c2cccc3ccccc23)o1)c1ccc2ccccc2c1,Mol_470,1
65.22,5.995500000000004,0.07407407407407407,450.5190000000002,6,5,5,0,5,O=C(OCC#CCSc1nnc(-c2cccc3ccccc23)o1)c1ccc2ccccc2c1,Mol_471,1
65.22,4.842300000000003,0.08695652173913043,400.4590000000001,6,5,4,0,4,O=C(OCC#CCSc1nnc(-c2cccc3ccccc23)o1)c1ccccc1,Mol_472,1
65.22,4.903800000000003,0.09523809523809523,406.4880000000001,7,5,4,0,4,O=C(OCC#CCSc1nnc(-c2cccc3ccccc23)o1)c1cccs1,Mol_473,1
58.2,3.903400000000002,0.29411764705882354,316.42600000000004,3,6,2,2,2,CCCCNC(=O)c1cc(-c2ccccc2)sc1NC(C)=O,Mol_474,0
58.14,3.766320000000002,0.11764705882352941,280.327,3,3,3,2,3,COc1ccc(-c2cc(-c3ccc(C)cc3)[nH]n2)c(O)c1,Mol_475,0
48.91,4.0661400000000025,0.11764705882352941,264.32800000000003,2,2,3,2,3,Cc1ccc(-c2cc(-c3ccc(C)cc3O)[nH]n2)cc1,Mol_476,0
48.91,3.4493000000000027,0,236.27400000000003,2,2,3,2,3,Oc1ccccc1-c1cc(-c2ccccc2)[nH]n1,Mol_477,0
58.14,4.111300000000002,0.0625,300.745,3,3,3,2,3,COc1ccc(O)c(-c2cc(-c3ccccc3Cl)[nH]n2)c1,Mol_478,0
73.83,4.725300000000004,0.15789473684210525,310.34900000000005,4,3,3,3,3,CC(C)=CCc1c(O)cc(-c2cc3ccc(O)cc3o2)cc1O,Mol_479,0
100.13,5.089000000000003,0.2916666666666667,410.46600000000024,6,5,3,3,3,COc1c(O)cc2oc3cc(O)c(CC=C(C)C)c(O)c3c(=O)c2c1CC=C(C)C,Mol_480,0
62.22,3.617500000000002,0.17647058823529413,312.39400000000006,4,4,3,2,3,CCC(=O)NC(c1cccs1)c1ccc2cccnc2c1O,Mol_481,0
64.35,2.3735,0.21428571428571427,276.36100000000005,4,5,2,2,2,COCCNC(=O)c1cc(-c2ccccc2)sc1N,Mol_482,0
48.91,3.8968200000000017,0.0625,268.291,2,2,3,2,3,Cc1ccc(-c2cc(-c3cccc(F)c3)[nH]n2)c(O)c1,Mol_483,0
66.56,2.7321999999999997,0.18181818181818182,236.29599999999996,3,2,2,2,2,CC(c1cc2ccccc2s1)N(O)C(N)=O,Mol_484,1
48.91,3.8968200000000017,0.0625,268.291,2,2,3,2,3,Cc1ccc(-c2cc(-c3ccc(F)cc3)[nH]n2)c(O)c1,Mol_485,0
48.91,4.0661400000000025,0.11764705882352941,264.32800000000003,2,2,3,2,3,Cc1ccc(-c2cc(-c3ccccc3C)[nH]n2)c(O)c1,Mol_486,0
61.85,3.4081800000000015,0.06666666666666667,249.273,4,2,3,1,3,CNc1oc(-c2cccc3ccccc23)nc1C#N,Mol_487,1
61.85,3.4081800000000015,0.06666666666666667,249.273,4,2,3,1,3,CNc1oc(-c2cccc3ccccc23)nc1C#N,Mol_488,1
77.98,3.5139200000000006,0.11764705882352941,381.3790000000001,4,3,3,1,3,Cc1ccc(-c2cc(C(F)(F)F)nn2-c2ccc(S(N)(=O)=O)cc2)cc1,Mol_489,1
55.120000000000005,4.2897000000000025,0.26666666666666666,353.285,3,5,2,2,2,CCCCNC(=O)c1cc(-c2ccc(Br)cc2)sc1N,Mol_490,0
61.85,3.4081800000000015,0.06666666666666667,249.273,4,2,3,1,3,CNc1oc(-c2cccc3ccccc23)nc1C#N,Mol_491,1
80.92,3.5664000000000033,0.3333333333333333,302.37,4,5,2,4,2,CC(Cc1ccc(O)c(O)c1)C(C)Cc1ccc(O)c(O)c1,Mol_492,0
